fips,marketgroup,name
1001,10,"Autauga, AL"
1003,25,"Baldwin, AL"
1005,95,"Barbour, AL"
1007,10,"Bibb, AL"
1009,10,"Blount, AL"
1011,10,"Bullock, AL"
1013,10,"Butler, AL"
1015,10,"Calhoun, AL"
1017,24,"Chambers, AL"
1019,24,"Cherokee, AL"
1021,10,"Chilton, AL"
1023,96,"Choctaw, AL"
1025,96,"Clarke, AL"
1027,10,"Clay, AL"
1029,24,"Cleburne, AL"
1031,95,"Coffee, AL"
1033,10,"Colbert, AL"
1035,96,"Conecuh, AL"
1037,10,"Coosa, AL"
1039,10,"Covington, AL"
1041,10,"Crenshaw, AL"
1043,10,"Cullman, AL"
1045,95,"Dale, AL"
1047,10,"Dallas, AL"
1049,10,"De Kalb, AL"
1051,10,"Elmore, AL"
1053,96,"Escambia, AL"
1055,10,"Etowah, AL"
1057,10,"Fayette, AL"
1059,10,"Franklin, AL"
1061,95,"Geneva, AL"
1063,10,"Greene, AL"
1065,10,"Hale, AL"
1067,95,"Henry, AL"
1069,95,"Houston, AL"
1071,95,"Jackson, AL"
1073,10,"Jefferson, AL"
1075,96,"Lamar, AL"
1077,10,"Lauderdale, AL"
1079,10,"Lawrence, AL"
1081,95,"Lee, AL"
1083,10,"Limestone, AL"
1085,10,"Lowndes, AL"
1087,10,"Macon, AL"
1089,10,"Madison, AL"
1091,96,"Marengo, AL"
1093,10,"Marion, AL"
1095,10,"Marshall, AL"
1097,25,"Mobile, AL"
1099,96,"Monroe, AL"
1101,10,"Montgomery, AL"
1103,10,"Morgan, AL"
1105,10,"Perry, AL"
1107,96,"Pickens, AL"
1109,10,"Pike, AL"
1111,24,"Randolph, AL"
1113,95,"Russell, AL"
1115,10,"St Clair, AL"
1117,10,"Shelby, AL"
1119,96,"Sumter, AL"
1121,10,"Talladega, AL"
1123,10,"Tallapoosa, AL"
1125,10,"Tuscaloosa, AL"
1127,10,"Walker, AL"
1129,96,"Washington, AL"
1131,10,"Wilcox, AL"
1133,10,"Winston, AL"
4001,12,"Apache, AZ"
4003,12,"Cochise, AZ"
4005,12,"Coconino, AZ"
4007,12,"Gila, AZ"
4009,12,"Graham, AZ"
4011,12,"Greenlee, AZ"
4012,12,"La Paz, AZ"
4013,12,"Maricopa, AZ"
4015,12,"Mohave, AZ"
4017,12,"Navajo, AZ"
4019,12,"Pima, AZ"
4021,12,"Pinal, AZ"
4023,12,"Santa Cruz, AZ"
4025,12,"Yavapai, AZ"
4027,12,"Yuma, AZ"
5001,11,"Arkansas, AR"
5003,97,"Ashley, AR"
5005,94,"Baxter, AR"
5007,94,"Benton, AR"
5009,94,"Boone, AR"
5011,11,"Bradley, AR"
5013,11,"Calhoun, AR"
5015,94,"Carroll, AR"
5017,11,"Chicot, AR"
5019,11,"Clark, AR"
5021,10,"Clay, AR"
5023,11,"Cleburne, AR"
5025,11,"Cleveland, AR"
5027,97,"Columbia, AR"
5029,11,"Conway, AR"
5031,10,"Craighead, AR"
5033,11,"Crawford, AR"
5035,10,"Crittenden, AR"
5037,10,"Cross, AR"
5039,11,"Dallas, AR"
5041,11,"Desha, AR"
5043,11,"Drew, AR"
5045,11,"Faulkner, AR"
5047,11,"Franklin, AR"
5049,94,"Fulton, AR"
5051,11,"Garland, AR"
5053,11,"Grant, AR"
5055,10,"Greene, AR"
5057,97,"Hempstead, AR"
5059,11,"Hot Spring, AR"
5061,97,"Howard, AR"
5063,11,"Independence, AR"
5065,11,"Izard, AR"
5067,11,"Jackson, AR"
5069,11,"Jefferson, AR"
5071,11,"Johnson, AR"
5073,97,"Lafayette, AR"
5075,10,"Lawrence, AR"
5077,10,"Lee, AR"
5079,11,"Lincoln, AR"
5081,97,"Little River, AR"
5083,11,"Logan, AR"
5085,11,"Lonoke, AR"
5087,94,"Madison, AR"
5089,94,"Marion, AR"
5091,97,"Miller, AR"
5093,10,"Mississippi, AR"
5095,11,"Monroe, AR"
5097,11,"Montgomery, AR"
5099,11,"Nevada, AR"
5101,94,"Newton, AR"
5103,11,"Ouachita, AR"
5105,11,"Perry, AR"
5107,10,"Phillips, AR"
5109,11,"Pike, AR"
5111,10,"Poinsett, AR"
5113,11,"Polk, AR"
5115,11,"Pope, AR"
5117,11,"Prairie, AR"
5119,11,"Pulaski, AR"
5121,10,"Randolph, AR"
5123,10,"St Francis, AR"
5125,11,"Saline, AR"
5127,11,"Scott, AR"
5129,11,"Searcy, AR"
5131,11,"Sebastian, AR"
5133,97,"Sevier, AR"
5135,10,"Sharp, AR"
5137,11,"Stone, AR"
5139,97,"Union, AR"
5141,11,"Van Buren, AR"
5143,11,"Washington, AR"
5145,11,"White, AR"
5147,11,"Woodruff, AR"
5149,11,"Yell, AR"
6001,23,"Alameda, CA"
6003,14,"Alpine, CA"
6005,14,"Amador, CA"
6007,99,"Butte, CA"
6009,14,"Calaveras, CA"
6011,14,"Colusa, CA"
6013,23,"Contra Costa, CA"
6015,99,"Del Norte, CA"
6017,14,"El Dorado, CA"
6019,99,"Fresno, CA"
6021,99,"Glenn, CA"
6023,99,"Humboldt, CA"
6025,99,"Imperial, CA"
6027,99,"Inyo, CA"
6029,99,"Kern, CA"
6031,99,"Kings, CA"
6033,23,"Lake, CA"
6035,99,"Lassen, CA"
6037,15,"Los Angeles, CA"
6039,99,"Madera, CA"
6041,23,"Marin, CA"
6043,99,"Mariposa, CA"
6045,23,"Mendocino, CA"
6047,99,"Merced, CA"
6049,99,"Modoc, CA"
6051,14,"Mono, CA"
6053,99,"Monterey, CA"
6055,23,"Napa, CA"
6057,14,"Nevada, CA"
6059,15,"Orange, CA"
6061,14,"Placer, CA"
6063,14,"Plumas, CA"
6065,15,"Riverside, CA"
6067,14,"Sacramento, CA"
6069,99,"San Benito, CA"
6071,15,"San Bernardino, CA"
6073,14,"San Diego, CA"
6075,23,"San Francisco, CA"
6077,14,"San Joaquin, CA"
6079,99,"San Luis Obispo, CA"
6081,23,"San Mateo, CA"
6083,99,"Santa Barbara, CA"
6085,23,"Santa Clara, CA"
6087,99,"Santa Cruz, CA"
6089,99,"Shasta, CA"
6091,14,"Sierra, CA"
6093,99,"Siskiyou, CA"
6095,23,"Solano, CA"
6097,23,"Sonoma, CA"
6099,14,"Stanislaus, CA"
6101,14,"Sutter, CA"
6103,99,"Tehama, CA"
6105,99,"Trinity, CA"
6107,99,"Tulare, CA"
6109,14,"Tuolumne, CA"
6111,99,"Ventura, CA"
6113,14,"Yolo, CA"
6115,14,"Yuba, CA"
8001,12,"Adams, CO"
8003,98,"Alamosa, CO"
8005,12,"Arapahoe, CO"
8007,98,"Archuleta, CO"
8009,98,"Baca, CO"
8011,98,"Bent, CO"
8013,12,"Boulder, CO"
8014,12,"Broomfield, CO"
8015,12,"Chaffee, CO"
8017,98,"Cheyenne, CO"
8019,12,"Clear Creek, CO"
8021,98,"Conejos, CO"
8023,98,"Costilla, CO"
8025,98,"Crowley, CO"
8027,98,"Custer, CO"
8029,98,"Delta, CO"
8031,12,"Denver, CO"
8033,98,"Dolores, CO"
8035,12,"Douglas, CO"
8037,12,"Eagle, CO"
8039,12,"Elbert, CO"
8041,12,"El Paso, CO"
8043,98,"Fremont, CO"
8045,98,"Garfield, CO"
8047,12,"Gilpin, CO"
8049,12,"Grand, CO"
8051,98,"Gunnison, CO"
8053,98,"Hinsdale, CO"
8055,98,"Huerfano, CO"
8057,98,"Jackson, CO"
8059,12,"Jefferson, CO"
8061,98,"Kiowa, CO"
8063,98,"Kit Carson, CO"
8065,12,"Lake, CO"
8067,98,"La Plata, CO"
8069,12,"Larimer, CO"
8071,98,"Las Animas, CO"
8073,12,"Lincoln, CO"
8075,12,"Logan, CO"
8077,98,"Mesa, CO"
8079,98,"Mineral, CO"
8081,12,"Moffat, CO"
8083,98,"Montezuma, CO"
8085,98,"Montrose, CO"
8087,12,"Morgan, CO"
8089,98,"Otero, CO"
8091,98,"Ouray, CO"
8093,12,"Park, CO"
8095,98,"Phillips, CO"
8097,98,"Pitkin, CO"
8099,98,"Prowers, CO"
8101,12,"Pueblo, CO"
8103,98,"Rio Blanco, CO"
8105,98,"Rio Grande, CO"
8107,12,"Routt, CO"
8109,98,"Saguache, CO"
8111,98,"San Juan, CO"
8113,98,"San Miguel, CO"
8115,98,"Sedgwick, CO"
8117,12,"Summit, CO"
8119,12,"Teller, CO"
8121,12,"Washington, CO"
8123,12,"Weld, CO"
8125,98,"Yuma, CO"
9001,20,"Fairfield, CT"
9003,1,"Hartford, CT"
9005,1,"Litchfield, CT"
9007,1,"Middlesex, CT"
9009,1,"New Haven, CT"
9011,1,"New London, CT"
9013,1,"Tolland, CT"
9015,19,"Windham, CT"
10001,4,"Kent, DE"
10003,4,"New Castle, DE"
10005,26,"Sussex, DE"
11001,26,#N/A
12001,7,"Alachua, FL"
12003,7,"Baker, FL"
12005,95,"Bay, FL"
12007,7,"Bradford, FL"
12009,7,"Brevard, FL"
12011,17,"Broward, FL"
12013,95,"Calhoun, FL"
12015,17,"Charlotte, FL"
12017,17,"Citrus, FL"
12019,7,"Clay, FL"
12021,17,"Collier, FL"
12023,7,"Columbia, FL"
12027,17,"De Soto, FL"
12029,95,"Dixie, FL"
12031,7,"Duval, FL"
12033,95,"Escambia, FL"
12035,7,"Flagler, FL"
12037,95,"Franklin, FL"
12039,95,"Gadsden, FL"
12041,7,"Gilchrist, FL"
12043,17,"Glades, FL"
12045,95,"Gulf, FL"
12047,7,"Hamilton, FL"
12049,17,"Hardee, FL"
12051,17,"Hendry, FL"
12053,17,"Hernando, FL"
12055,17,"Highlands, FL"
12057,17,"Hillsborough, FL"
12059,95,"Holmes, FL"
12061,17,"Indian River, FL"
12063,95,"Jackson, FL"
12065,95,"Jefferson, FL"
12067,95,"Lafayette, FL"
12069,7,"Lake, FL"
12071,17,"Lee, FL"
12073,95,"Leon, FL"
12075,95,"Levy, FL"
12077,95,"Liberty, FL"
12079,95,"Madison, FL"
12081,17,"Manatee, FL"
12083,7,"Marion, FL"
12085,17,"Martin, FL"
12086,17,"Miami-Dade, FL"
12087,17,"Monroe, FL"
12089,7,"Nassau, FL"
12091,95,"Okaloosa, FL"
12093,17,"Okeechobee, FL"
12095,7,"Orange, FL"
12097,7,"Osceola, FL"
12099,17,"Palm Beach, FL"
12101,17,"Pasco, FL"
12103,17,"Pinellas, FL"
12105,17,"Polk, FL"
12107,7,"Putnam, FL"
12109,7,"St Johns, FL"
12111,17,"St Lucie, FL"
12113,95,"Santa Rosa, FL"
12115,17,"Sarasota, FL"
12117,7,"Seminole, FL"
12119,7,"Sumter, FL"
12121,7,"Suwannee, FL"
12123,95,"Taylor, FL"
12125,7,"Union, FL"
12127,7,"Volusia, FL"
12129,95,"Wakulla, FL"
12131,95,"Walton, FL"
12133,95,"Washington, FL"
13001,95,"Appling, GA"
13003,95,"Atkinson, GA"
13005,7,"Bacon, GA"
13007,95,"Baker, GA"
13009,24,"Baldwin, GA"
13011,24,"Banks, GA"
13013,24,"Barrow, GA"
13015,24,"Bartow, GA"
13017,95,"Ben Hill, GA"
13019,95,"Berrien, GA"
13021,95,"Bibb, GA"
13023,95,"Bleckley, GA"
13025,7,"Brantley, GA"
13027,95,"Brooks, GA"
13029,95,"Bryan, GA"
13031,95,"Bulloch, GA"
13033,95,"Burke, GA"
13035,24,"Butts, GA"
13037,95,"Calhoun, GA"
13039,7,"Camden, GA"
13043,95,"Candler, GA"
13045,24,"Carroll, GA"
13047,95,"Catoosa, GA"
13049,7,"Charlton, GA"
13051,95,"Chatham, GA"
13053,95,"Chattahoochee, GA"
13055,24,"Chattooga, GA"
13057,24,"Cherokee, GA"
13059,24,"Clarke, GA"
13061,95,"Clay, GA"
13063,24,"Clayton, GA"
13065,7,"Clinch, GA"
13067,24,"Cobb, GA"
13069,95,"Coffee, GA"
13071,95,"Colquitt, GA"
13073,95,"Columbia, GA"
13075,95,"Cook, GA"
13077,24,"Coweta, GA"
13079,95,"Crawford, GA"
13081,95,"Crisp, GA"
13083,95,"Dade, GA"
13085,24,"Dawson, GA"
13087,95,"Decatur, GA"
13089,24,"De Kalb, GA"
13091,95,"Dodge, GA"
13093,95,"Dooly, GA"
13095,95,"Dougherty, GA"
13097,24,"Douglas, GA"
13099,95,"Early, GA"
13101,95,"Echols, GA"
13103,95,"Effingham, GA"
13105,95,"Elbert, GA"
13107,95,"Emanuel, GA"
13109,95,"Evans, GA"
13111,24,"Fannin, GA"
13113,24,"Fayette, GA"
13115,24,"Floyd, GA"
13117,24,"Forsyth, GA"
13119,95,"Franklin, GA"
13121,24,"Fulton, GA"
13123,24,"Gilmer, GA"
13125,95,"Glascock, GA"
13127,7,"Glynn, GA"
13129,24,"Gordon, GA"
13131,95,"Grady, GA"
13133,24,"Greene, GA"
13135,24,"Gwinnett, GA"
13137,95,"Habersham, GA"
13139,24,"Hall, GA"
13141,24,"Hancock, GA"
13143,24,"Haralson, GA"
13145,24,"Harris, GA"
13147,95,"Hart, GA"
13149,24,"Heard, GA"
13151,24,"Henry, GA"
13153,95,"Houston, GA"
13155,95,"Irwin, GA"
13157,24,"Jackson, GA"
13159,24,"Jasper, GA"
13161,95,"Jeff Davis, GA"
13163,95,"Jefferson, GA"
13165,95,"Jenkins, GA"
13167,95,"Johnson, GA"
13169,24,"Jones, GA"
13171,24,"Lamar, GA"
13173,95,"Lanier, GA"
13175,95,"Laurens, GA"
13177,95,"Lee, GA"
13179,95,"Liberty, GA"
13181,95,"Lincoln, GA"
13183,95,"Long, GA"
13185,95,"Lowndes, GA"
13187,24,"Lumpkin, GA"
13189,95,"McDuffie, GA"
13191,95,"McIntosh, GA"
13193,95,"Macon, GA"
13195,95,"Madison, GA"
13197,95,"Marion, GA"
13199,24,"Meriwether, GA"
13201,95,"Miller, GA"
13205,95,"Mitchell, GA"
13207,24,"Monroe, GA"
13209,95,"Montgomery, GA"
13211,24,"Morgan, GA"
13213,24,"Murray, GA"
13215,95,"Muscogee, GA"
13217,24,"Newton, GA"
13219,24,"Oconee, GA"
13221,24,"Oglethorpe, GA"
13223,24,"Paulding, GA"
13225,95,"Peach, GA"
13227,24,"Pickens, GA"
13229,7,"Pierce, GA"
13231,24,"Pike, GA"
13233,24,"Polk, GA"
13235,95,"Pulaski, GA"
13237,24,"Putnam, GA"
13239,95,"Quitman, GA"
13241,95,"Rabun, GA"
13243,95,"Randolph, GA"
13245,95,"Richmond, GA"
13247,24,"Rockdale, GA"
13249,95,"Schley, GA"
13251,95,"Screven, GA"
13253,95,"Seminole, GA"
13255,24,"Spalding, GA"
13257,95,"Stephens, GA"
13259,95,"Stewart, GA"
13261,95,"Sumter, GA"
13263,24,"Talbot, GA"
13265,95,"Taliaferro, GA"
13267,95,"Tattnall, GA"
13269,95,"Taylor, GA"
13271,95,"Telfair, GA"
13273,95,"Terrell, GA"
13275,95,"Thomas, GA"
13277,95,"Tift, GA"
13279,95,"Toombs, GA"
13281,24,"Towns, GA"
13283,95,"Treutlen, GA"
13285,24,"Troup, GA"
13287,95,"Turner, GA"
13289,95,"Twiggs, GA"
13291,24,"Union, GA"
13293,24,"Upson, GA"
13295,95,"Walker, GA"
13297,24,"Walton, GA"
13299,7,"Ware, GA"
13301,95,"Warren, GA"
13303,95,"Washington, GA"
13305,95,"Wayne, GA"
13307,95,"Webster, GA"
13309,95,"Wheeler, GA"
13311,24,"White, GA"
13313,24,"Whitfield, GA"
13315,95,"Wilcox, GA"
13317,95,"Wilkes, GA"
13319,95,"Wilkinson, GA"
13321,95,"Worth, GA"
16001,13,"Ada, ID"
16003,13,"Adams, ID"
16005,13,"Bannock, ID"
16007,13,"Bear Lake, ID"
16009,99,"Benewah, ID"
16011,13,"Bingham, ID"
16013,13,"Blaine, ID"
16015,13,"Boise, ID"
16017,99,"Bonner, ID"
16019,13,"Bonneville, ID"
16021,99,"Boundary, ID"
16023,13,"Butte, ID"
16025,13,"Camas, ID"
16027,13,"Canyon, ID"
16029,13,"Caribou, ID"
16031,13,"Cassia, ID"
16033,13,"Clark, ID"
16035,99,"Clearwater, ID"
16037,13,"Custer, ID"
16039,13,"Elmore, ID"
16041,13,"Franklin, ID"
16043,13,"Fremont, ID"
16045,13,"Gem, ID"
16047,13,"Gooding, ID"
16049,99,"Idaho, ID"
16051,13,"Jefferson, ID"
16053,13,"Jerome, ID"
16055,99,"Kootenai, ID"
16057,99,"Latah, ID"
16059,13,"Lemhi, ID"
16061,99,"Lewis, ID"
16063,13,"Lincoln, ID"
16065,13,"Madison, ID"
16067,13,"Minidoka, ID"
16069,99,"Nez Perce, ID"
16071,13,"Oneida, ID"
16073,13,"Owyhee, ID"
16075,13,"Payette, ID"
16077,13,"Power, ID"
16079,99,"Shoshone, ID"
16081,13,"Teton, ID"
16083,13,"Twin Falls, ID"
16085,13,"Valley, ID"
16087,13,"Washington, ID"
17001,94,"Adams, IL"
17003,94,"Alexander, IL"
17005,6,"Bond, IL"
17007,93,"Boone, IL"
17009,94,"Brown, IL"
17011,94,"Bureau, IL"
17013,6,"Calhoun, IL"
17015,94,"Carroll, IL"
17017,94,"Cass, IL"
17019,94,"Champaign, IL"
17021,94,"Christian, IL"
17023,94,"Clark, IL"
17025,94,"Clay, IL"
17027,6,"Clinton, IL"
17029,94,"Coles, IL"
17031,16,"Cook, IL"
17033,94,"Crawford, IL"
17035,94,"Cumberland, IL"
17037,94,"De Kalb, IL"
17039,94,"Dewitt, IL"
17041,94,"Douglas, IL"
17043,16,"Du Page, IL"
17045,5,"Edgar, IL"
17047,94,"Edwards, IL"
17049,6,"Effingham, IL"
17051,6,"Fayette, IL"
17053,94,"Ford, IL"
17055,94,"Franklin, IL"
17057,94,"Fulton, IL"
17059,94,"Gallatin, IL"
17061,6,"Greene, IL"
17063,94,"Grundy, IL"
17065,94,"Hamilton, IL"
17067,94,"Hancock, IL"
17069,94,"Hardin, IL"
17071,94,"Henderson, IL"
17073,94,"Henry, IL"
17075,94,"Iroquois, IL"
17077,6,"Jackson, IL"
17079,94,"Jasper, IL"
17081,6,"Jefferson, IL"
17083,6,"Jersey, IL"
17085,94,"Jo Daviess, IL"
17087,94,"Johnson, IL"
17089,16,"Kane, IL"
17091,94,"Kankakee, IL"
17093,94,"Kendall, IL"
17095,94,"Knox, IL"
17097,16,"Lake, IL"
17099,94,"La Salle, IL"
17101,94,"Lawrence, IL"
17103,94,"Lee, IL"
17105,94,"Livingston, IL"
17107,94,"Logan, IL"
17109,94,"McDonough, IL"
17111,16,"McHenry, IL"
17113,94,"Mclean, IL"
17115,94,"Macon, IL"
17117,6,"Macoupin, IL"
17119,6,"Madison, IL"
17121,6,"Marion, IL"
17123,94,"Marshall, IL"
17125,94,"Mason, IL"
17127,94,"Massac, IL"
17129,94,"Menard, IL"
17131,94,"Mercer, IL"
17133,6,"Monroe, IL"
17135,6,"Montgomery, IL"
17137,94,"Morgan, IL"
17139,94,"Moultrie, IL"
17141,93,"Ogle, IL"
17143,94,"Peoria, IL"
17145,6,"Perry, IL"
17147,94,"Piatt, IL"
17149,94,"Pike, IL"
17151,94,"Pope, IL"
17153,94,"Pulaski, IL"
17155,94,"Putnam, IL"
17157,6,"Randolph, IL"
17159,94,"Richland, IL"
17161,94,"Rock Island, IL"
17163,6,"St Clair, IL"
17165,94,"Saline, IL"
17167,94,"Sangamon, IL"
17169,94,"Schuyler, IL"
17171,6,"Scott, IL"
17173,94,"Shelby, IL"
17175,94,"Stark, IL"
17177,93,"Stephenson, IL"
17179,94,"Tazewell, IL"
17181,94,"Union, IL"
17183,94,"Vermilion, IL"
17185,94,"Wabash, IL"
17187,94,"Warren, IL"
17189,6,"Washington, IL"
17191,94,"Wayne, IL"
17193,94,"White, IL"
17195,94,"Whiteside, IL"
17197,16,"Will, IL"
17199,94,"Williamson, IL"
17201,93,"Winnebago, IL"
17203,94,"Woodford, IL"
18001,93,"Adams, IN"
18003,93,"Allen, IN"
18005,5,"Bartholomew, IN"
18007,5,"Benton, IN"
18009,5,"Blackford, IN"
18011,5,"Boone, IN"
18013,5,"Brown, IN"
18015,5,"Carroll, IN"
18017,5,"Cass, IN"
18019,10,"Clark, IN"
18021,5,"Clay, IN"
18023,5,"Clinton, IN"
18025,10,"Crawford, IN"
18027,93,"Daviess, IN"
18029,21,"Dearborn, IN"
18031,5,"Decatur, IN"
18033,93,"De Kalb, IN"
18035,5,"Delaware, IN"
18037,93,"Dubois, IN"
18039,93,"Elkhart, IN"
18041,5,"Fayette, IN"
18043,10,"Floyd, IN"
18045,5,"Fountain, IN"
18047,21,"Franklin, IN"
18049,93,"Fulton, IN"
18051,93,"Gibson, IN"
18053,5,"Grant, IN"
18055,5,"Greene, IN"
18057,5,"Hamilton, IN"
18059,5,"Hancock, IN"
18061,10,"Harrison, IN"
18063,5,"Hendricks, IN"
18065,5,"Henry, IN"
18067,5,"Howard, IN"
18069,93,"Huntington, IN"
18071,10,"Jackson, IN"
18073,93,"Jasper, IN"
18075,5,"Jay, IN"
18077,10,"Jefferson, IN"
18079,5,"Jennings, IN"
18081,5,"Johnson, IN"
18083,93,"Knox, IN"
18085,93,"Kosciusko, IN"
18087,93,"Lagrange, IN"
18089,16,"Lake, IN"
18091,93,"La Porte, IN"
18093,10,"Lawrence, IN"
18095,5,"Madison, IN"
18097,5,"Marion, IN"
18099,93,"Marshall, IN"
18101,5,"Martin, IN"
18103,5,"Miami, IN"
18105,5,"Monroe, IN"
18107,5,"Montgomery, IN"
18109,5,"Morgan, IN"
18111,93,"Newton, IN"
18113,93,"Noble, IN"
18115,21,"Ohio, IN"
18117,10,"Orange, IN"
18119,5,"Owen, IN"
18121,5,"Parke, IN"
18123,93,"Perry, IN"
18125,93,"Pike, IN"
18127,16,"Porter, IN"
18129,93,"Posey, IN"
18131,93,"Pulaski, IN"
18133,5,"Putnam, IN"
18135,5,"Randolph, IN"
18137,21,"Ripley, IN"
18139,5,"Rush, IN"
18141,93,"St Joseph, IN"
18143,10,"Scott, IN"
18145,5,"Shelby, IN"
18147,93,"Spencer, IN"
18149,93,"Starke, IN"
18151,93,"Steuben, IN"
18153,5,"Sullivan, IN"
18155,21,"Switzerland, IN"
18157,5,"Tippecanoe, IN"
18159,5,"Tipton, IN"
18161,21,"Union, IN"
18163,93,"Vanderburgh, IN"
18165,5,"Vermillion, IN"
18167,5,"Vigo, IN"
18169,5,"Wabash, IN"
18171,5,"Warren, IN"
18173,93,"Warrick, IN"
18175,10,"Washington, IN"
18177,5,"Wayne, IN"
18179,93,"Wells, IN"
18181,5,"White, IN"
18183,93,"Whitley, IN"
19001,6,"Adair, IA"
19003,6,"Adams, IA"
19005,94,"Allamakee, IA"
19007,6,"Appanoose, IA"
19009,6,"Audubon, IA"
19011,94,"Benton, IA"
19013,94,"Black Hawk, IA"
19015,6,"Boone, IA"
19017,94,"Bremer, IA"
19019,94,"Buchanan, IA"
19021,6,"Buena Vista, IA"
19023,94,"Butler, IA"
19025,6,"Calhoun, IA"
19027,6,"Carroll, IA"
19029,6,"Cass, IA"
19031,94,"Cedar, IA"
19033,94,"Cerro Gordo, IA"
19035,94,"Cherokee, IA"
19037,94,"Chickasaw, IA"
19039,6,"Clarke, IA"
19041,94,"Clay, IA"
19043,94,"Clayton, IA"
19045,94,"Clinton, IA"
19047,6,"Crawford, IA"
19049,6,"Dallas, IA"
19051,94,"Davis, IA"
19053,6,"Decatur, IA"
19055,94,"Delaware, IA"
19057,94,"Des Moines, IA"
19059,94,"Dickinson, IA"
19061,94,"Dubuque, IA"
19063,94,"Emmet, IA"
19065,94,"Fayette, IA"
19067,94,"Floyd, IA"
19069,6,"Franklin, IA"
19071,6,"Fremont, IA"
19073,6,"Greene, IA"
19075,94,"Grundy, IA"
19077,6,"Guthrie, IA"
19079,6,"Hamilton, IA"
19081,94,"Hancock, IA"
19083,6,"Hardin, IA"
19085,6,"Harrison, IA"
19087,94,"Henry, IA"
19089,94,"Howard, IA"
19091,6,"Humboldt, IA"
19093,94,"Ida, IA"
19095,94,"Iowa, IA"
19097,94,"Jackson, IA"
19099,6,"Jasper, IA"
19101,94,"Jefferson, IA"
19103,94,"Johnson, IA"
19105,94,"Jones, IA"
19107,94,"Keokuk, IA"
19109,94,"Kossuth, IA"
19111,94,"Lee, IA"
19113,94,"Linn, IA"
19115,94,"Louisa, IA"
19117,6,"Lucas, IA"
19119,94,"Lyon, IA"
19121,6,"Madison, IA"
19123,6,"Mahaska, IA"
19125,6,"Marion, IA"
19127,6,"Marshall, IA"
19129,6,"Mills, IA"
19131,94,"Mitchell, IA"
19133,6,"Monona, IA"
19135,6,"Monroe, IA"
19137,6,"Montgomery, IA"
19139,94,"Muscatine, IA"
19141,94,"Obrien, IA"
19143,94,"Osceola, IA"
19145,6,"Page, IA"
19147,94,"Palo Alto, IA"
19149,94,"Plymouth, IA"
19151,6,"Pocahontas, IA"
19153,6,"Polk, IA"
19155,6,"Pottawattamie, IA"
19157,6,"Poweshiek, IA"
19159,6,"Ringgold, IA"
19161,6,"Sac, IA"
19163,94,"Scott, IA"
19165,6,"Shelby, IA"
19167,94,"Sioux, IA"
19169,6,"Story, IA"
19171,94,"Tama, IA"
19173,6,"Taylor, IA"
19175,6,"Union, IA"
19177,94,"Van Buren, IA"
19179,94,"Wapello, IA"
19181,6,"Warren, IA"
19183,94,"Washington, IA"
19185,6,"Wayne, IA"
19187,6,"Webster, IA"
19189,94,"Winnebago, IA"
19191,94,"Winneshiek, IA"
19193,94,"Woodbury, IA"
19195,94,"Worth, IA"
19197,6,"Wright, IA"
20001,94,"Allen, KS"
20003,6,"Anderson, KS"
20005,6,"Atchison, KS"
20007,94,"Barber, KS"
20009,94,"Barton, KS"
20011,94,"Bourbon, KS"
20013,94,"Brown, KS"
20015,94,"Butler, KS"
20017,94,"Chase, KS"
20019,11,"Chautauqua, KS"
20021,94,"Cherokee, KS"
20023,94,"Cheyenne, KS"
20025,94,"Clark, KS"
20027,94,"Clay, KS"
20029,94,"Cloud, KS"
20031,6,"Coffey, KS"
20033,94,"Comanche, KS"
20035,94,"Cowley, KS"
20037,94,"Crawford, KS"
20039,94,"Decatur, KS"
20041,94,"Dickinson, KS"
20043,6,"Doniphan, KS"
20045,6,"Douglas, KS"
20047,94,"Edwards, KS"
20049,94,"Elk, KS"
20051,94,"Ellis, KS"
20053,94,"Ellsworth, KS"
20055,94,"Finney, KS"
20057,94,"Ford, KS"
20059,6,"Franklin, KS"
20061,94,"Geary, KS"
20063,94,"Gove, KS"
20065,94,"Graham, KS"
20067,94,"Grant, KS"
20069,94,"Gray, KS"
20071,94,"Greeley, KS"
20073,94,"Greenwood, KS"
20075,94,"Hamilton, KS"
20077,94,"Harper, KS"
20079,94,"Harvey, KS"
20081,94,"Haskell, KS"
20083,94,"Hodgeman, KS"
20085,6,"Jackson, KS"
20087,6,"Jefferson, KS"
20089,94,"Jewell, KS"
20091,6,"Johnson, KS"
20093,94,"Kearny, KS"
20095,94,"Kingman, KS"
20097,94,"Kiowa, KS"
20099,94,"Labette, KS"
20101,94,"Lane, KS"
20103,6,"Leavenworth, KS"
20105,94,"Lincoln, KS"
20107,6,"Linn, KS"
20109,94,"Logan, KS"
20111,94,"Lyon, KS"
20113,94,"McPherson, KS"
20115,94,"Marion, KS"
20117,94,"Marshall, KS"
20119,94,"Meade, KS"
20121,6,"Miami, KS"
20123,94,"Mitchell, KS"
20125,11,"Montgomery, KS"
20127,94,"Morris, KS"
20129,94,"Morton, KS"
20131,94,"Nemaha, KS"
20133,94,"Neosho, KS"
20135,94,"Ness, KS"
20137,94,"Norton, KS"
20139,6,"Osage, KS"
20141,94,"Osborne, KS"
20143,94,"Ottawa, KS"
20145,94,"Pawnee, KS"
20147,94,"Phillips, KS"
20149,6,"Pottawatomie, KS"
20151,94,"Pratt, KS"
20153,94,"Rawlins, KS"
20155,94,"Reno, KS"
20157,94,"Republic, KS"
20159,94,"Rice, KS"
20161,94,"Riley, KS"
20163,94,"Rooks, KS"
20165,94,"Rush, KS"
20167,94,"Russell, KS"
20169,94,"Saline, KS"
20171,94,"Scott, KS"
20173,94,"Sedgwick, KS"
20175,94,"Seward, KS"
20177,6,"Shawnee, KS"
20179,94,"Sheridan, KS"
20181,94,"Sherman, KS"
20183,94,"Smith, KS"
20185,94,"Stafford, KS"
20187,94,"Stanton, KS"
20189,94,"Stevens, KS"
20191,94,"Sumner, KS"
20193,94,"Thomas, KS"
20195,94,"Trego, KS"
20197,6,"Wabaunsee, KS"
20199,94,"Wallace, KS"
20201,94,"Washington, KS"
20203,94,"Wichita, KS"
20205,94,"Wilson, KS"
20207,94,"Woodson, KS"
20209,6,"Wyandotte, KS"
21001,10,"Adair, KY"
21003,10,"Allen, KY"
21005,10,"Anderson, KY"
21007,93,"Ballard, KY"
21009,10,"Barren, KY"
21011,21,"Bath, KY"
21013,95,"Bell, KY"
21015,21,"Boone, KY"
21017,21,"Bourbon, KY"
21019,92,"Boyd, KY"
21021,10,"Boyle, KY"
21023,21,"Bracken, KY"
21025,10,"Breathitt, KY"
21027,10,"Breckinridge, KY"
21029,10,"Bullitt, KY"
21031,10,"Butler, KY"
21033,93,"Caldwell, KY"
21035,93,"Calloway, KY"
21037,21,"Campbell, KY"
21039,93,"Carlisle, KY"
21041,21,"Carroll, KY"
21043,92,"Carter, KY"
21045,10,"Casey, KY"
21047,10,"Christian, KY"
21049,10,"Clark, KY"
21051,95,"Clay, KY"
21053,10,"Clinton, KY"
21055,93,"Crittenden, KY"
21057,10,"Cumberland, KY"
21059,93,"Daviess, KY"
21061,10,"Edmonson, KY"
21063,92,"Elliott, KY"
21065,10,"Estill, KY"
21067,10,"Fayette, KY"
21069,21,"Fleming, KY"
21071,92,"Floyd, KY"
21073,10,"Franklin, KY"
21075,93,"Fulton, KY"
21077,21,"Gallatin, KY"
21079,10,"Garrard, KY"
21081,21,"Grant, KY"
21083,93,"Graves, KY"
21085,10,"Grayson, KY"
21087,10,"Green, KY"
21089,92,"Greenup, KY"
21091,93,"Hancock, KY"
21093,10,"Hardin, KY"
21095,95,"Harlan, KY"
21097,21,"Harrison, KY"
21099,10,"Hart, KY"
21101,93,"Henderson, KY"
21103,10,"Henry, KY"
21105,93,"Hickman, KY"
21107,10,"Hopkins, KY"
21109,10,"Jackson, KY"
21111,10,"Jefferson, KY"
21113,10,"Jessamine, KY"
21115,92,"Johnson, KY"
21117,21,"Kenton, KY"
21119,10,"Knott, KY"
21121,95,"Knox, KY"
21123,10,"Larue, KY"
21125,95,"Laurel, KY"
21127,92,"Lawrence, KY"
21129,10,"Lee, KY"
21131,95,"Leslie, KY"
21133,95,"Letcher, KY"
21135,92,"Lewis, KY"
21137,10,"Lincoln, KY"
21139,93,"Livingston, KY"
21141,10,"Logan, KY"
21143,93,"Lyon, KY"
21145,93,"McCracken, KY"
21147,95,"McCreary, KY"
21149,93,"Mclean, KY"
21151,10,"Madison, KY"
21153,92,"Magoffin, KY"
21155,10,"Marion, KY"
21157,93,"Marshall, KY"
21159,92,"Martin, KY"
21161,21,"Mason, KY"
21163,10,"Meade, KY"
21165,10,"Menifee, KY"
21167,10,"Mercer, KY"
21169,10,"Metcalfe, KY"
21171,10,"Monroe, KY"
21173,21,"Montgomery, KY"
21175,92,"Morgan, KY"
21177,10,"Muhlenberg, KY"
21179,10,"Nelson, KY"
21181,21,"Nicholas, KY"
21183,10,"Ohio, KY"
21185,10,"Oldham, KY"
21187,21,"Owen, KY"
21189,10,"Owsley, KY"
21191,21,"Pendleton, KY"
21193,95,"Perry, KY"
21195,92,"Pike, KY"
21197,10,"Powell, KY"
21199,10,"Pulaski, KY"
21201,21,"Robertson, KY"
21203,10,"Rockcastle, KY"
21205,10,"Rowan, KY"
21207,10,"Russell, KY"
21209,10,"Scott, KY"
21211,10,"Shelby, KY"
21213,10,"Simpson, KY"
21215,10,"Spencer, KY"
21217,10,"Taylor, KY"
21219,10,"Todd, KY"
21221,10,"Trigg, KY"
21223,10,"Trimble, KY"
21225,93,"Union, KY"
21227,10,"Warren, KY"
21229,10,"Washington, KY"
21231,10,"Wayne, KY"
21233,93,"Webster, KY"
21235,95,"Whitley, KY"
21237,10,"Wolfe, KY"
21239,10,"Woodford, KY"
22001,97,"Acadia, LA"
22003,97,"Allen, LA"
22005,25,"Ascension, LA"
22007,25,"Assumption, LA"
22009,97,"Avoyelles, LA"
22011,97,"Beauregard, LA"
22013,97,"Bienville, LA"
22015,97,"Bossier, LA"
22017,97,"Caddo, LA"
22019,97,"Calcasieu, LA"
22021,97,"Caldwell, LA"
22023,97,"Cameron, LA"
22025,97,"Catahoula, LA"
22027,97,"Claiborne, LA"
22029,97,"Concordia, LA"
22031,97,"De Soto, LA"
22033,25,"East Baton Rouge, LA"
22035,97,"East Carroll, LA"
22037,25,"East Feliciana, LA"
22039,97,"Evangeline, LA"
22041,97,"Franklin, LA"
22043,97,"Grant, LA"
22045,25,"Iberia, LA"
22047,25,"Iberville, LA"
22049,97,"Jackson, LA"
22051,25,"Jefferson, LA"
22053,97,"Jefferson Davis, LA"
22055,25,"Lafayette, LA"
22057,25,"Lafourche, LA"
22059,97,"La Salle, LA"
22061,97,"Lincoln, LA"
22063,25,"Livingston, LA"
22065,97,"Madison, LA"
22067,97,"Morehouse, LA"
22069,97,"Natchitoches, LA"
22071,25,"Orleans, LA"
22073,97,"Ouachita, LA"
22075,25,"Plaquemines, LA"
22077,25,"Pointe Coupee, LA"
22079,97,"Rapides, LA"
22081,97,"Red River, LA"
22083,97,"Richland, LA"
22085,97,"Sabine, LA"
22087,25,"St Bernard, LA"
22089,25,"St Charles, LA"
22091,25,"St Helena, LA"
22093,25,"St James, LA"
22095,25,"St John The Baptist, LA"
22097,25,"St Landry, LA"
22099,25,"St Martin, LA"
22101,25,"St Mary, LA"
22103,25,"St Tammany, LA"
22105,25,"Tangipahoa, LA"
22107,97,"Tensas, LA"
22109,25,"Terrebonne, LA"
22111,97,"Union, LA"
22113,97,"Vermilion, LA"
22115,97,"Vernon, LA"
22117,25,"Washington, LA"
22119,97,"Webster, LA"
22121,25,"West Baton Rouge, LA"
22123,97,"West Carroll, LA"
22125,25,"West Feliciana, LA"
22127,97,"Winn, LA"
23001,91,"Androscoggin, ME"
23003,91,"Aroostook, ME"
23005,91,"Cumberland, ME"
23007,91,"Franklin, ME"
23009,91,"Hancock, ME"
23011,91,"Kennebec, ME"
23013,91,"Knox, ME"
23015,91,"Lincoln, ME"
23017,91,"Oxford, ME"
23019,91,"Penobscot, ME"
23021,91,"Piscataquis, ME"
23023,91,"Sagadahoc, ME"
23025,91,"Somerset, ME"
23027,91,"Waldo, ME"
23029,91,"Washington, ME"
23031,91,"York, ME"
24001,26,"Allegany, MD"
24003,9,"Anne Arundel, MD"
24005,9,"Baltimore, MD"
24009,26,"Calvert, MD"
24011,9,"Caroline, MD"
24013,9,"Carroll, MD"
24015,9,"Cecil, MD"
24017,26,"Charles, MD"
24019,9,"Dorchester, MD"
24021,26,"Frederick, MD"
24023,3,"Garrett, MD"
24025,9,"Harford, MD"
24027,9,"Howard, MD"
24029,9,"Kent, MD"
24031,26,"Montgomery, MD"
24033,26,"Prince Georges, MD"
24035,9,"Queen Annes, MD"
24037,26,"St Marys, MD"
24039,26,"Somerset, MD"
24041,9,"Talbot, MD"
24043,26,"Washington, MD"
24045,26,"Wicomico, MD"
24047,26,"Worcester, MD"
24510,9,"Baltimore City, MD"
25001,19,"Barnstable, MA"
25003,3,"Berkshire, MA"
25005,19,"Bristol, MA"
25007,19,"Dukes, MA"
25009,19,"Essex, MA"
25011,1,"Franklin, MA"
25013,1,"Hampden, MA"
25015,1,"Hampshire, MA"
25017,19,"Middlesex, MA"
25019,19,"Nantucket, MA"
25021,19,"Norfolk, MA"
25023,19,"Plymouth, MA"
25025,19,"Suffolk, MA"
25027,19,"Worcester, MA"
26001,93,"Alcona, MI"
26003,93,"Alger, MI"
26005,5,"Allegan, MI"
26007,93,"Alpena, MI"
26009,93,"Antrim, MI"
26011,93,"Arenac, MI"
26013,93,"Baraga, MI"
26015,5,"Barry, MI"
26017,93,"Bay, MI"
26019,93,"Benzie, MI"
26021,93,"Berrien, MI"
26023,5,"Branch, MI"
26025,5,"Calhoun, MI"
26027,93,"Cass, MI"
26029,93,"Charlevoix, MI"
26031,93,"Cheboygan, MI"
26033,93,"Chippewa, MI"
26035,93,"Clare, MI"
26037,5,"Clinton, MI"
26039,93,"Crawford, MI"
26041,93,"Delta, MI"
26043,93,"Dickinson, MI"
26045,5,"Eaton, MI"
26047,93,"Emmet, MI"
26049,5,"Genesee, MI"
26051,93,"Gladwin, MI"
26053,94,"Gogebic, MI"
26055,93,"Grand Traverse, MI"
26057,93,"Gratiot, MI"
26059,5,"Hillsdale, MI"
26061,93,"Houghton, MI"
26063,93,"Huron, MI"
26065,5,"Ingham, MI"
26067,5,"Ionia, MI"
26069,93,"Iosco, MI"
26071,93,"Iron, MI"
26073,93,"Isabella, MI"
26075,5,"Jackson, MI"
26077,5,"Kalamazoo, MI"
26079,93,"Kalkaska, MI"
26081,5,"Kent, MI"
26083,93,"Keweenaw, MI"
26085,93,"Lake, MI"
26087,5,"Lapeer, MI"
26089,93,"Leelanau, MI"
26091,5,"Lenawee, MI"
26093,5,"Livingston, MI"
26095,93,"Luce, MI"
26097,93,"Mackinac, MI"
26099,5,"Macomb, MI"
26101,93,"Manistee, MI"
26103,93,"Marquette, MI"
26105,93,"Mason, MI"
26107,5,"Mecosta, MI"
26109,93,"Menominee, MI"
26111,93,"Midland, MI"
26113,93,"Missaukee, MI"
26115,5,"Monroe, MI"
26117,5,"Montcalm, MI"
26119,93,"Montmorency, MI"
26121,5,"Muskegon, MI"
26123,5,"Newaygo, MI"
26125,5,"Oakland, MI"
26127,5,"Oceana, MI"
26129,93,"Ogemaw, MI"
26131,93,"Ontonagon, MI"
26133,93,"Osceola, MI"
26135,93,"Oscoda, MI"
26137,93,"Otsego, MI"
26139,5,"Ottawa, MI"
26141,93,"Presque Isle, MI"
26143,93,"Roscommon, MI"
26145,5,"Saginaw, MI"
26147,5,"St Clair, MI"
26149,5,"St Joseph, MI"
26151,5,"Sanilac, MI"
26153,93,"Schoolcraft, MI"
26155,5,"Shiawassee, MI"
26157,93,"Tuscola, MI"
26159,5,"Van Buren, MI"
26161,5,"Washtenaw, MI"
26163,5,"Wayne, MI"
26165,93,"Wexford, MI"
27001,94,"Aitkin, MN"
27003,6,"Anoka, MN"
27005,94,"Becker, MN"
27007,94,"Beltrami, MN"
27009,6,"Benton, MN"
27011,94,"Big Stone, MN"
27013,6,"Blue Earth, MN"
27015,6,"Brown, MN"
27017,94,"Carlton, MN"
27019,6,"Carver, MN"
27021,94,"Cass, MN"
27023,94,"Chippewa, MN"
27025,6,"Chisago, MN"
27027,94,"Clay, MN"
27029,94,"Clearwater, MN"
27031,94,"Cook, MN"
27033,94,"Cottonwood, MN"
27035,6,"Crow Wing, MN"
27037,6,"Dakota, MN"
27039,6,"Dodge, MN"
27041,94,"Douglas, MN"
27043,94,"Faribault, MN"
27045,94,"Fillmore, MN"
27047,94,"Freeborn, MN"
27049,6,"Goodhue, MN"
27051,94,"Grant, MN"
27053,6,"Hennepin, MN"
27055,94,"Houston, MN"
27057,94,"Hubbard, MN"
27059,6,"Isanti, MN"
27061,94,"Itasca, MN"
27063,94,"Jackson, MN"
27065,6,"Kanabec, MN"
27067,6,"Kandiyohi, MN"
27069,94,"Kittson, MN"
27071,94,"Koochiching, MN"
27073,94,"Lac Qui Parle, MN"
27075,94,"Lake, MN"
27077,94,"Lake of The Woods, MN"
27079,6,"Le Sueur, MN"
27081,94,"Lincoln, MN"
27083,94,"Lyon, MN"
27085,6,"McLeod, MN"
27087,94,"Mahnomen, MN"
27089,94,"Marshall, MN"
27091,6,"Martin, MN"
27093,6,"Meeker, MN"
27095,6,"Mille Lacs, MN"
27097,6,"Morrison, MN"
27099,94,"Mower, MN"
27101,94,"Murray, MN"
27103,6,"Nicollet, MN"
27105,94,"Nobles, MN"
27107,94,"Norman, MN"
27109,94,"Olmsted, MN"
27111,94,"Otter Tail, MN"
27113,94,"Pennington, MN"
27115,6,"Pine, MN"
27117,94,"Pipestone, MN"
27119,94,"Polk, MN"
27121,94,"Pope, MN"
27123,6,"Ramsey, MN"
27125,94,"Red Lake, MN"
27127,6,"Redwood, MN"
27129,6,"Renville, MN"
27131,6,"Rice, MN"
27133,94,"Rock, MN"
27135,94,"Roseau, MN"
27137,94,"St Louis, MN"
27139,6,"Scott, MN"
27141,6,"Sherburne, MN"
27143,6,"Sibley, MN"
27145,6,"Stearns, MN"
27147,6,"Steele, MN"
27149,94,"Stevens, MN"
27151,94,"Swift, MN"
27153,6,"Todd, MN"
27155,94,"Traverse, MN"
27157,6,"Wabasha, MN"
27159,94,"Wadena, MN"
27161,6,"Waseca, MN"
27163,6,"Washington, MN"
27165,6,"Watonwan, MN"
27167,94,"Wilkin, MN"
27169,94,"Winona, MN"
27171,6,"Wright, MN"
27173,6,"Yellow Medicine, MN"
28001,96,"Adams, MS"
28003,10,"Alcorn, MS"
28005,25,"Amite, MS"
28007,96,"Attala, MS"
28009,10,"Benton, MS"
28011,10,"Bolivar, MS"
28013,10,"Calhoun, MS"
28015,96,"Carroll, MS"
28017,96,"Chickasaw, MS"
28019,96,"Choctaw, MS"
28021,96,"Claiborne, MS"
28023,96,"Clarke, MS"
28025,96,"Clay, MS"
28027,10,"Coahoma, MS"
28029,96,"Copiah, MS"
28031,96,"Covington, MS"
28033,10,"De Soto, MS"
28035,25,"Forrest, MS"
28037,96,"Franklin, MS"
28039,25,"George, MS"
28041,25,"Greene, MS"
28043,10,"Grenada, MS"
28045,25,"Hancock, MS"
28047,25,"Harrison, MS"
28049,96,"Hinds, MS"
28051,96,"Holmes, MS"
28053,96,"Humphreys, MS"
28055,96,"Issaquena, MS"
28057,96,"Itawamba, MS"
28059,25,"Jackson, MS"
28061,96,"Jasper, MS"
28063,96,"Jefferson, MS"
28065,96,"Jefferson Davis, MS"
28067,96,"Jones, MS"
28069,96,"Kemper, MS"
28071,10,"Lafayette, MS"
28073,25,"Lamar, MS"
28075,96,"Lauderdale, MS"
28077,96,"Lawrence, MS"
28079,96,"Leake, MS"
28081,10,"Lee, MS"
28083,96,"Leflore, MS"
28085,96,"Lincoln, MS"
28087,96,"Lowndes, MS"
28089,96,"Madison, MS"
28091,25,"Marion, MS"
28093,10,"Marshall, MS"
28095,96,"Monroe, MS"
28097,96,"Montgomery, MS"
28099,96,"Neshoba, MS"
28101,96,"Newton, MS"
28103,96,"Noxubee, MS"
28105,96,"Oktibbeha, MS"
28107,10,"Panola, MS"
28109,25,"Pearl River, MS"
28111,25,"Perry, MS"
28113,25,"Pike, MS"
28115,10,"Pontotoc, MS"
28117,10,"Prentiss, MS"
28119,10,"Quitman, MS"
28121,96,"Rankin, MS"
28123,96,"Scott, MS"
28125,96,"Sharkey, MS"
28127,96,"Simpson, MS"
28129,96,"Smith, MS"
28131,25,"Stone, MS"
28133,96,"Sunflower, MS"
28135,10,"Tallahatchie, MS"
28137,10,"Tate, MS"
28139,10,"Tippah, MS"
28141,10,"Tishomingo, MS"
28143,10,"Tunica, MS"
28145,10,"Union, MS"
28147,25,"Walthall, MS"
28149,96,"Warren, MS"
28151,96,"Washington, MS"
28153,96,"Wayne, MS"
28155,96,"Webster, MS"
28157,25,"Wilkinson, MS"
28159,96,"Winston, MS"
28161,10,"Yalobusha, MS"
28163,96,"Yazoo, MS"
29001,94,"Adair, MO"
29003,6,"Andrew, MO"
29005,6,"Atchison, MO"
29007,94,"Audrain, MO"
29009,94,"Barry, MO"
29011,94,"Barton, MO"
29013,6,"Bates, MO"
29015,6,"Benton, MO"
29017,94,"Bollinger, MO"
29019,94,"Boone, MO"
29021,6,"Buchanan, MO"
29023,94,"Butler, MO"
29025,6,"Caldwell, MO"
29027,94,"Callaway, MO"
29029,94,"Camden, MO"
29031,94,"Cape Girardeau, MO"
29033,6,"Carroll, MO"
29035,94,"Carter, MO"
29037,6,"Cass, MO"
29039,94,"Cedar, MO"
29041,6,"Chariton, MO"
29043,94,"Christian, MO"
29045,94,"Clark, MO"
29047,6,"Clay, MO"
29049,6,"Clinton, MO"
29051,94,"Cole, MO"
29053,94,"Cooper, MO"
29055,6,"Crawford, MO"
29057,94,"Dade, MO"
29059,94,"Dallas, MO"
29061,6,"Daviess, MO"
29063,6,"Dekalb, MO"
29065,6,"Dent, MO"
29067,94,"Douglas, MO"
29069,10,"Dunklin, MO"
29071,6,"Franklin, MO"
29073,6,"Gasconade, MO"
29075,6,"Gentry, MO"
29077,94,"Greene, MO"
29079,6,"Grundy, MO"
29081,6,"Harrison, MO"
29083,6,"Henry, MO"
29085,94,"Hickory, MO"
29087,6,"Holt, MO"
29089,94,"Howard, MO"
29091,94,"Howell, MO"
29093,6,"Iron, MO"
29095,6,"Jackson, MO"
29097,94,"Jasper, MO"
29099,6,"Jefferson, MO"
29101,6,"Johnson, MO"
29103,94,"Knox, MO"
29105,94,"Laclede, MO"
29107,6,"Lafayette, MO"
29109,94,"Lawrence, MO"
29111,94,"Lewis, MO"
29113,6,"Lincoln, MO"
29115,6,"Linn, MO"
29117,6,"Livingston, MO"
29119,94,"Mcdonald, MO"
29121,94,"Macon, MO"
29123,6,"Madison, MO"
29125,94,"Maries, MO"
29127,94,"Marion, MO"
29129,6,"Mercer, MO"
29131,94,"Miller, MO"
29133,94,"Mississippi, MO"
29135,94,"Moniteau, MO"
29137,94,"Monroe, MO"
29139,6,"Montgomery, MO"
29141,94,"Morgan, MO"
29143,94,"New Madrid, MO"
29145,94,"Newton, MO"
29147,6,"Nodaway, MO"
29149,10,"Oregon, MO"
29151,94,"Osage, MO"
29153,94,"Ozark, MO"
29155,10,"Pemiscot, MO"
29157,6,"Perry, MO"
29159,6,"Pettis, MO"
29161,94,"Phelps, MO"
29163,6,"Pike, MO"
29165,6,"Platte, MO"
29167,94,"Polk, MO"
29169,94,"Pulaski, MO"
29171,94,"Putnam, MO"
29173,94,"Ralls, MO"
29175,94,"Randolph, MO"
29177,6,"Ray, MO"
29179,6,"Reynolds, MO"
29181,94,"Ripley, MO"
29183,6,"St Charles, MO"
29185,6,"St Clair, MO"
29186,6,"Ste Genevieve, MO"
29187,6,"St Francois, MO"
29189,6,"St Louis, MO"
29195,6,"Saline, MO"
29197,94,"Schuyler, MO"
29199,94,"Scotland, MO"
29201,94,"Scott, MO"
29203,94,"Shannon, MO"
29205,94,"Shelby, MO"
29207,94,"Stoddard, MO"
29209,94,"Stone, MO"
29211,94,"Sullivan, MO"
29213,94,"Taney, MO"
29215,94,"Texas, MO"
29217,94,"Vernon, MO"
29219,6,"Warren, MO"
29221,6,"Washington, MO"
29223,94,"Wayne, MO"
29225,94,"Webster, MO"
29227,6,"Worth, MO"
29229,94,"Wright, MO"
29510,6,"St Louis City, MO"
30001,98,"Beaverhead, MT"
30003,98,"Big Horn, MT"
30005,98,"Blaine, MT"
30007,98,"Broadwater, MT"
30009,98,"Carbon, MT"
30011,98,"Carter, MT"
30013,98,"Cascade, MT"
30015,98,"Chouteau, MT"
30017,98,"Custer, MT"
30019,94,"Daniels, MT"
30021,98,"Dawson, MT"
30023,98,"Deer Lodge, MT"
30025,98,"Fallon, MT"
30027,98,"Fergus, MT"
30029,98,"Flathead, MT"
30031,98,"Gallatin, MT"
30033,98,"Garfield, MT"
30035,98,"Glacier, MT"
30037,98,"Golden Valley, MT"
30039,98,"Granite, MT"
30041,98,"Hill, MT"
30043,98,"Jefferson, MT"
30045,98,"Judith Basin, MT"
30047,98,"Lake, MT"
30049,98,"Lewis and Clark, MT"
30051,98,"Liberty, MT"
30053,99,"Lincoln, MT"
30055,94,"McCone, MT"
30057,98,"Madison, MT"
30059,98,"Meagher, MT"
30061,99,"Mineral, MT"
30063,98,"Missoula, MT"
30065,98,"Musselshell, MT"
30067,98,"Park, MT"
30069,98,"Petroleum, MT"
30071,98,"Phillips, MT"
30073,98,"Pondera, MT"
30075,98,"Powder River, MT"
30077,98,"Powell, MT"
30079,98,"Prairie, MT"
30081,98,"Ravalli, MT"
30083,94,"Richland, MT"
30085,94,"Roosevelt, MT"
30087,98,"Rosebud, MT"
30089,99,"Sanders, MT"
30091,94,"Sheridan, MT"
30093,98,"Silver Bow, MT"
30095,98,"Stillwater, MT"
30097,98,"Sweet Grass, MT"
30099,98,"Teton, MT"
30101,98,"Toole, MT"
30103,98,"Treasure, MT"
30105,98,"Valley, MT"
30107,98,"Wheatland, MT"
30109,94,"Wibaux, MT"
30111,98,"Yellowstone, MT"
31001,94,"Adams, NE"
31003,94,"Antelope, NE"
31005,94,"Arthur, NE"
31007,98,"Banner, NE"
31009,94,"Blaine, NE"
31011,94,"Boone, NE"
31013,98,"Box Butte, NE"
31015,98,"Boyd, NE"
31017,94,"Brown, NE"
31019,94,"Buffalo, NE"
31021,6,"Burt, NE"
31023,6,"Butler, NE"
31025,6,"Cass, NE"
31027,94,"Cedar, NE"
31029,94,"Chase, NE"
31031,98,"Cherry, NE"
31033,12,"Cheyenne, NE"
31035,94,"Clay, NE"
31037,6,"Colfax, NE"
31039,6,"Cuming, NE"
31041,94,"Custer, NE"
31043,94,"Dakota, NE"
31045,98,"Dawes, NE"
31047,94,"Dawson, NE"
31049,98,"Deuel, NE"
31051,94,"Dixon, NE"
31053,6,"Dodge, NE"
31055,6,"Douglas, NE"
31057,94,"Dundy, NE"
31059,94,"Fillmore, NE"
31061,94,"Franklin, NE"
31063,94,"Frontier, NE"
31065,94,"Furnas, NE"
31067,6,"Gage, NE"
31069,98,"Garden, NE"
31071,94,"Garfield, NE"
31073,94,"Gosper, NE"
31075,98,"Grant, NE"
31077,94,"Greeley, NE"
31079,94,"Hall, NE"
31081,94,"Hamilton, NE"
31083,94,"Harlan, NE"
31085,94,"Hayes, NE"
31087,94,"Hitchcock, NE"
31089,94,"Holt, NE"
31091,94,"Hooker, NE"
31093,94,"Howard, NE"
31095,94,"Jefferson, NE"
31097,6,"Johnson, NE"
31099,94,"Kearney, NE"
31101,98,"Keith, NE"
31103,98,"Keya Paha, NE"
31105,98,"Kimball, NE"
31107,94,"Knox, NE"
31109,6,"Lancaster, NE"
31111,94,"Lincoln, NE"
31113,94,"Logan, NE"
31115,94,"Loup, NE"
31117,94,"McPherson, NE"
31119,6,"Madison, NE"
31121,94,"Merrick, NE"
31123,98,"Morrill, NE"
31125,94,"Nance, NE"
31127,6,"Nemaha, NE"
31129,94,"Nuckolls, NE"
31131,6,"Otoe, NE"
31133,6,"Pawnee, NE"
31135,94,"Perkins, NE"
31137,94,"Phelps, NE"
31139,94,"Pierce, NE"
31141,6,"Platte, NE"
31143,94,"Polk, NE"
31145,94,"Red Willow, NE"
31147,6,"Richardson, NE"
31149,94,"Rock, NE"
31151,6,"Saline, NE"
31153,6,"Sarpy, NE"
31155,6,"Saunders, NE"
31157,98,"Scotts Bluff, NE"
31159,6,"Seward, NE"
31161,98,"Sheridan, NE"
31163,94,"Sherman, NE"
31165,98,"Sioux, NE"
31167,6,"Stanton, NE"
31169,94,"Thayer, NE"
31171,94,"Thomas, NE"
31173,94,"Thurston, NE"
31175,94,"Valley, NE"
31177,6,"Washington, NE"
31179,94,"Wayne, NE"
31181,94,"Webster, NE"
31183,94,"Wheeler, NE"
31185,94,"York, NE"
32001,99,"Churchill, NV"
32003,98,"Clark, NV"
32005,99,"Douglas, NV"
32007,13,"Elko, NV"
32009,98,"Esmeralda, NV"
32011,99,"Eureka, NV"
32013,99,"Humboldt, NV"
32015,99,"Lander, NV"
32017,98,"Lincoln, NV"
32019,99,"Lyon, NV"
32021,99,"Mineral, NV"
32023,98,"Nye, NV"
32027,99,"Pershing, NV"
32029,99,"Storey, NV"
32031,99,"Washoe, NV"
32033,13,"White Pine, NV"
32510,99,"Carson City, NV"
33001,91,"Belknap, NH"
33003,91,"Carroll, NH"
33005,19,"Cheshire, NH"
33007,91,"Coos, NH"
33009,91,"Grafton, NH"
33011,19,"Hillsborough, NH"
33013,19,"Merrimack, NH"
33015,19,"Rockingham, NH"
33017,19,"Strafford, NH"
33019,91,"Sullivan, NH"
34001,4,"Atlantic, NJ"
34003,20,"Bergen, NJ"
34005,4,"Burlington, NJ"
34007,4,"Camden, NJ"
34009,4,"Cape May, NJ"
34011,4,"Cumberland, NJ"
34013,20,"Essex, NJ"
34015,4,"Gloucester, NJ"
34017,20,"Hudson, NJ"
34019,20,"Hunterdon, NJ"
34021,4,"Mercer, NJ"
34023,20,"Middlesex, NJ"
34025,20,"Monmouth, NJ"
34027,20,"Morris, NJ"
34029,20,"Ocean, NJ"
34031,20,"Passaic, NJ"
34033,4,"Salem, NJ"
34035,20,"Somerset, NJ"
34037,20,"Sussex, NJ"
34039,20,"Union, NJ"
34041,4,"Warren, NJ"
35001,97,"Bernalillo, NM"
35003,97,"Catron, NM"
35005,97,"Chaves, NM"
35006,97,"Cibola, NM"
35007,97,"Colfax, NM"
35009,97,"Curry, NM"
35011,97,"De Baca, NM"
35013,97,"Dona Ana, NM"
35015,97,"Eddy, NM"
35017,97,"Grant, NM"
35019,97,"Guadalupe, NM"
35021,97,"Harding, NM"
35023,97,"Hidalgo, NM"
35025,97,"Lea, NM"
35027,97,"Lincoln, NM"
35028,97,"Los Alamos, NM"
35029,97,"Luna, NM"
35031,97,"Mckinley, NM"
35033,97,"Mora, NM"
35035,97,"Otero, NM"
35037,97,"Quay, NM"
35039,97,"Rio Arriba, NM"
35041,97,"Roosevelt, NM"
35043,97,"Sandoval, NM"
35045,97,"San Juan, NM"
35047,97,"San Miguel, NM"
35049,97,"Santa Fe, NM"
35051,97,"Sierra, NM"
35053,97,"Socorro, NM"
35055,97,"Taos, NM"
35057,97,"Torrance, NM"
35059,97,"Union, NM"
35061,97,"Valencia, NM"
36001,3,"Albany, NY"
36003,3,"Allegany, NY"
36005,2,"Bronx, NY"
36007,3,"Broome, NY"
36009,3,"Cattaraugus, NY"
36011,3,"Cayuga, NY"
36013,3,"Chautauqua, NY"
36015,3,"Chemung, NY"
36017,3,"Chenango, NY"
36019,91,"Clinton, NY"
36021,3,"Columbia, NY"
36023,3,"Cortland, NY"
36025,3,"Delaware, NY"
36027,3,"Dutchess, NY"
36029,3,"Erie, NY"
36031,91,"Essex, NY"
36033,91,"Franklin, NY"
36035,3,"Fulton, NY"
36037,3,"Genesee, NY"
36039,3,"Greene, NY"
36041,3,"Hamilton, NY"
36043,3,"Herkimer, NY"
36045,3,"Jefferson, NY"
36047,2,"Kings, NY"
36049,3,"Lewis, NY"
36051,3,"Livingston, NY"
36053,3,"Madison, NY"
36055,3,"Monroe, NY"
36057,3,"Montgomery, NY"
36059,20,"Nassau, NY"
36061,2,"New York, NY"
36063,3,"Niagara, NY"
36065,3,"Oneida, NY"
36067,3,"Onondaga, NY"
36069,3,"Ontario, NY"
36071,20,"Orange, NY"
36073,3,"Orleans, NY"
36075,3,"Oswego, NY"
36077,3,"Otsego, NY"
36079,20,"Putnam, NY"
36081,2,"Queens, NY"
36083,3,"Rensselaer, NY"
36085,2,"Richmond, NY"
36087,20,"Rockland, NY"
36089,3,"St Lawrence, NY"
36091,3,"Saratoga, NY"
36093,3,"Schenectady, NY"
36095,3,"Schoharie, NY"
36097,3,"Schuyler, NY"
36099,3,"Seneca, NY"
36101,3,"Steuben, NY"
36103,20,"Suffolk, NY"
36105,3,"Sullivan, NY"
36107,3,"Tioga, NY"
36109,3,"Tompkins, NY"
36111,3,"Ulster, NY"
36113,3,"Warren, NY"
36115,3,"Washington, NY"
36117,3,"Wayne, NY"
36119,20,"Westchester, NY"
36121,3,"Wyoming, NY"
36123,3,"Yates, NY"
37001,8,"Alamance, NC"
37003,8,"Alexander, NC"
37005,8,"Alleghany, NC"
37007,8,"Anson, NC"
37009,8,"Ashe, NC"
37011,95,"Avery, NC"
37013,95,"Beaufort, NC"
37015,95,"Bertie, NC"
37017,95,"Bladen, NC"
37019,95,"Brunswick, NC"
37021,95,"Buncombe, NC"
37023,8,"Burke, NC"
37025,8,"Cabarrus, NC"
37027,8,"Caldwell, NC"
37029,8,"Camden, NC"
37031,95,"Carteret, NC"
37033,8,"Caswell, NC"
37035,8,"Catawba, NC"
37037,8,"Chatham, NC"
37039,95,"Cherokee, NC"
37041,8,"Chowan, NC"
37043,24,"Clay, NC"
37045,8,"Cleveland, NC"
37047,95,"Columbus, NC"
37049,95,"Craven, NC"
37051,8,"Cumberland, NC"
37053,8,"Currituck, NC"
37055,8,"Dare, NC"
37057,8,"Davidson, NC"
37059,8,"Davie, NC"
37061,95,"Duplin, NC"
37063,8,"Durham, NC"
37065,95,"Edgecombe, NC"
37067,8,"Forsyth, NC"
37069,8,"Franklin, NC"
37071,8,"Gaston, NC"
37073,8,"Gates, NC"
37075,95,"Graham, NC"
37077,8,"Granville, NC"
37079,95,"Greene, NC"
37081,8,"Guilford, NC"
37083,8,"Halifax, NC"
37085,8,"Harnett, NC"
37087,95,"Haywood, NC"
37089,95,"Henderson, NC"
37091,8,"Hertford, NC"
37093,8,"Hoke, NC"
37095,95,"Hyde, NC"
37097,8,"Iredell, NC"
37099,95,"Jackson, NC"
37101,8,"Johnston, NC"
37103,95,"Jones, NC"
37105,8,"Lee, NC"
37107,95,"Lenoir, NC"
37109,8,"Lincoln, NC"
37111,95,"McDowell, NC"
37113,95,"Macon, NC"
37115,95,"Madison, NC"
37117,95,"Martin, NC"
37119,8,"Mecklenburg, NC"
37121,95,"Mitchell, NC"
37123,8,"Montgomery, NC"
37125,8,"Moore, NC"
37127,8,"Nash, NC"
37129,95,"New Hanover, NC"
37131,8,"Northampton, NC"
37133,95,"Onslow, NC"
37135,8,"Orange, NC"
37137,95,"Pamlico, NC"
37139,8,"Pasquotank, NC"
37141,95,"Pender, NC"
37143,8,"Perquimans, NC"
37145,8,"Person, NC"
37147,95,"Pitt, NC"
37149,95,"Polk, NC"
37151,8,"Randolph, NC"
37153,8,"Richmond, NC"
37155,95,"Robeson, NC"
37157,8,"Rockingham, NC"
37159,8,"Rowan, NC"
37161,95,"Rutherford, NC"
37163,8,"Sampson, NC"
37165,8,"Scotland, NC"
37167,8,"Stanly, NC"
37169,8,"Stokes, NC"
37171,8,"Surry, NC"
37173,95,"Swain, NC"
37175,95,"Transylvania, NC"
37177,8,"Tyrrell, NC"
37179,8,"Union, NC"
37181,8,"Vance, NC"
37183,8,"Wake, NC"
37185,8,"Warren, NC"
37187,95,"Washington, NC"
37189,8,"Watauga, NC"
37191,8,"Wayne, NC"
37193,8,"Wilkes, NC"
37195,8,"Wilson, NC"
37197,8,"Yadkin, NC"
37199,95,"Yancey, NC"
38001,94,"Adams, ND"
38003,94,"Barnes, ND"
38005,94,"Benson, ND"
38007,94,"Billings, ND"
38009,94,"Bottineau, ND"
38011,94,"Bowman, ND"
38013,94,"Burke, ND"
38015,94,"Burleigh, ND"
38017,94,"Cass, ND"
38019,94,"Cavalier, ND"
38021,94,"Dickey, ND"
38023,94,"Divide, ND"
38025,94,"Dunn, ND"
38027,94,"Eddy, ND"
38029,94,"Emmons, ND"
38031,94,"Foster, ND"
38033,94,"Golden Valley, ND"
38035,94,"Grand Forks, ND"
38037,94,"Grant, ND"
38039,94,"Griggs, ND"
38041,94,"Hettinger, ND"
38043,94,"Kidder, ND"
38045,94,"Lamoure, ND"
38047,94,"Logan, ND"
38049,94,"McHenry, ND"
38051,94,"McIntosh, ND"
38053,94,"Mckenzie, ND"
38055,94,"Mclean, ND"
38057,94,"Mercer, ND"
38059,94,"Morton, ND"
38061,94,"Mountrail, ND"
38063,94,"Nelson, ND"
38065,94,"Oliver, ND"
38067,94,"Pembina, ND"
38069,94,"Pierce, ND"
38071,94,"Ramsey, ND"
38073,94,"Ransom, ND"
38075,94,"Renville, ND"
38077,94,"Richland, ND"
38079,94,"Rolette, ND"
38081,94,"Sargent, ND"
38083,94,"Sheridan, ND"
38085,94,"Sioux, ND"
38087,94,"Slope, ND"
38089,94,"Stark, ND"
38091,94,"Steele, ND"
38093,94,"Stutsman, ND"
38095,94,"Towner, ND"
38097,94,"Traill, ND"
38099,94,"Walsh, ND"
38101,94,"Ward, ND"
38103,94,"Wells, ND"
38105,94,"Williams, ND"
39001,21,"Adams, OH"
39003,93,"Allen, OH"
39005,21,"Ashland, OH"
39007,21,"Ashtabula, OH"
39009,92,"Athens, OH"
39011,21,"Auglaize, OH"
39013,3,"Belmont, OH"
39015,21,"Brown, OH"
39017,21,"Butler, OH"
39019,21,"Carroll, OH"
39021,21,"Champaign, OH"
39023,21,"Clark, OH"
39025,21,"Clermont, OH"
39027,21,"Clinton, OH"
39029,3,"Columbiana, OH"
39031,21,"Coshocton, OH"
39033,21,"Crawford, OH"
39035,21,"Cuyahoga, OH"
39037,21,"Darke, OH"
39039,93,"Defiance, OH"
39041,21,"Delaware, OH"
39043,21,"Erie, OH"
39045,21,"Fairfield, OH"
39047,21,"Fayette, OH"
39049,21,"Franklin, OH"
39051,93,"Fulton, OH"
39053,92,"Gallia, OH"
39055,21,"Geauga, OH"
39057,21,"Greene, OH"
39059,21,"Guernsey, OH"
39061,21,"Hamilton, OH"
39063,93,"Hancock, OH"
39065,93,"Hardin, OH"
39067,3,"Harrison, OH"
39069,93,"Henry, OH"
39071,21,"Highland, OH"
39073,21,"Hocking, OH"
39075,21,"Holmes, OH"
39077,21,"Huron, OH"
39079,92,"Jackson, OH"
39081,3,"Jefferson, OH"
39083,21,"Knox, OH"
39085,21,"Lake, OH"
39087,92,"Lawrence, OH"
39089,21,"Licking, OH"
39091,21,"Logan, OH"
39093,21,"Lorain, OH"
39095,5,"Lucas, OH"
39097,21,"Madison, OH"
39099,21,"Mahoning, OH"
39101,21,"Marion, OH"
39103,21,"Medina, OH"
39105,92,"Meigs, OH"
39107,93,"Mercer, OH"
39109,21,"Miami, OH"
39111,92,"Monroe, OH"
39113,21,"Montgomery, OH"
39115,21,"Morgan, OH"
39117,21,"Morrow, OH"
39119,21,"Muskingum, OH"
39121,21,"Noble, OH"
39123,5,"Ottawa, OH"
39125,93,"Paulding, OH"
39127,21,"Perry, OH"
39129,21,"Pickaway, OH"
39131,21,"Pike, OH"
39133,21,"Portage, OH"
39135,21,"Preble, OH"
39137,93,"Putnam, OH"
39139,21,"Richland, OH"
39141,21,"Ross, OH"
39143,93,"Sandusky, OH"
39145,92,"Scioto, OH"
39147,93,"Seneca, OH"
39149,21,"Shelby, OH"
39151,21,"Stark, OH"
39153,21,"Summit, OH"
39155,21,"Trumbull, OH"
39157,21,"Tuscarawas, OH"
39159,21,"Union, OH"
39161,93,"Van Wert, OH"
39163,92,"Vinton, OH"
39165,21,"Warren, OH"
39167,92,"Washington, OH"
39169,21,"Wayne, OH"
39171,93,"Williams, OH"
39173,5,"Wood, OH"
39175,93,"Wyandot, OH"
40001,11,"Adair, OK"
40003,11,"Alfalfa, OK"
40005,11,"Atoka, OK"
40007,97,"Beaver, OK"
40009,11,"Beckham, OK"
40011,11,"Blaine, OK"
40013,25,"Bryan, OK"
40015,11,"Caddo, OK"
40017,11,"Canadian, OK"
40019,11,"Carter, OK"
40021,11,"Cherokee, OK"
40023,25,"Choctaw, OK"
40025,97,"Cimarron, OK"
40027,11,"Cleveland, OK"
40029,11,"Coal, OK"
40031,97,"Comanche, OK"
40033,97,"Cotton, OK"
40035,11,"Craig, OK"
40037,11,"Creek, OK"
40039,11,"Custer, OK"
40041,11,"Delaware, OK"
40043,11,"Dewey, OK"
40045,11,"Ellis, OK"
40047,11,"Garfield, OK"
40049,11,"Garvin, OK"
40051,11,"Grady, OK"
40053,11,"Grant, OK"
40055,97,"Greer, OK"
40057,97,"Harmon, OK"
40059,11,"Harper, OK"
40061,11,"Haskell, OK"
40063,11,"Hughes, OK"
40065,97,"Jackson, OK"
40067,97,"Jefferson, OK"
40069,11,"Johnston, OK"
40071,11,"Kay, OK"
40073,11,"Kingfisher, OK"
40075,97,"Kiowa, OK"
40077,11,"Latimer, OK"
40079,11,"Le Flore, OK"
40081,11,"Lincoln, OK"
40083,11,"Logan, OK"
40085,25,"Love, OK"
40087,11,"Mcclain, OK"
40089,97,"McCurtain, OK"
40091,11,"McIntosh, OK"
40093,11,"Major, OK"
40095,25,"Marshall, OK"
40097,11,"Mayes, OK"
40099,11,"Murray, OK"
40101,11,"Muskogee, OK"
40103,11,"Noble, OK"
40105,11,"Nowata, OK"
40107,11,"Okfuskee, OK"
40109,11,"Oklahoma, OK"
40111,11,"Okmulgee, OK"
40113,11,"Osage, OK"
40115,94,"Ottawa, OK"
40117,11,"Pawnee, OK"
40119,11,"Payne, OK"
40121,11,"Pittsburg, OK"
40123,11,"Pontotoc, OK"
40125,11,"Pottawatomie, OK"
40127,11,"Pushmataha, OK"
40129,11,"Roger Mills, OK"
40131,11,"Rogers, OK"
40133,11,"Seminole, OK"
40135,11,"Sequoyah, OK"
40137,97,"Stephens, OK"
40139,97,"Texas, OK"
40141,97,"Tillman, OK"
40143,11,"Tulsa, OK"
40145,11,"Wagoner, OK"
40147,11,"Washington, OK"
40149,11,"Washita, OK"
40151,11,"Woods, OK"
40153,11,"Woodward, OK"
41001,99,"Baker, OR"
41003,22,"Benton, OR"
41005,22,"Clackamas, OR"
41007,22,"Clatsop, OR"
41009,22,"Columbia, OR"
41011,22,"Coos, OR"
41013,22,"Crook, OR"
41015,99,"Curry, OR"
41017,22,"Deschutes, OR"
41019,22,"Douglas, OR"
41021,22,"Gilliam, OR"
41023,99,"Grant, OR"
41025,99,"Harney, OR"
41027,22,"Hood River, OR"
41029,99,"Jackson, OR"
41031,22,"Jefferson, OR"
41033,99,"Josephine, OR"
41035,99,"Klamath, OR"
41037,99,"Lake, OR"
41039,22,"Lane, OR"
41041,22,"Lincoln, OR"
41043,22,"Linn, OR"
41045,99,"Malheur, OR"
41047,22,"Marion, OR"
41049,22,"Morrow, OR"
41051,22,"Multnomah, OR"
41053,22,"Polk, OR"
41055,22,"Sherman, OR"
41057,22,"Tillamook, OR"
41059,99,"Umatilla, OR"
41061,99,"Union, OR"
41063,99,"Wallowa, OR"
41065,22,"Wasco, OR"
41067,22,"Washington, OR"
41069,22,"Wheeler, OR"
41071,22,"Yamhill, OR"
42001,26,"Adams, PA"
42003,3,"Allegheny, PA"
42005,3,"Armstrong, PA"
42007,3,"Beaver, PA"
42009,92,"Bedford, PA"
42011,4,"Berks, PA"
42013,92,"Blair, PA"
42015,92,"Bradford, PA"
42017,4,"Bucks, PA"
42019,3,"Butler, PA"
42021,3,"Cambria, PA"
42023,92,"Cameron, PA"
42025,4,"Carbon, PA"
42027,92,"Centre, PA"
42029,4,"Chester, PA"
42031,3,"Clarion, PA"
42033,92,"Clearfield, PA"
42035,92,"Clinton, PA"
42037,92,"Columbia, PA"
42039,21,"Crawford, PA"
42041,92,"Cumberland, PA"
42043,92,"Dauphin, PA"
42045,4,"Delaware, PA"
42047,92,"Elk, PA"
42049,21,"Erie, PA"
42051,3,"Fayette, PA"
42053,92,"Forest, PA"
42055,26,"Franklin, PA"
42057,26,"Fulton, PA"
42059,3,"Greene, PA"
42061,92,"Huntingdon, PA"
42063,3,"Indiana, PA"
42065,3,"Jefferson, PA"
42067,92,"Juniata, PA"
42069,92,"Lackawanna, PA"
42071,4,"Lancaster, PA"
42073,3,"Lawrence, PA"
42075,4,"Lebanon, PA"
42077,4,"Lehigh, PA"
42079,92,"Luzerne, PA"
42081,92,"Lycoming, PA"
42083,3,"McKean, PA"
42085,3,"Mercer, PA"
42087,92,"Mifflin, PA"
42089,4,"Monroe, PA"
42091,4,"Montgomery, PA"
42093,92,"Montour, PA"
42095,4,"Northampton, PA"
42097,92,"Northumberland, PA"
42099,92,"Perry, PA"
42101,4,"Philadelphia, PA"
42103,92,"Pike, PA"
42105,3,"Potter, PA"
42107,4,"Schuylkill, PA"
42109,92,"Snyder, PA"
42111,3,"Somerset, PA"
42113,92,"Sullivan, PA"
42115,92,"Susquehanna, PA"
42117,92,"Tioga, PA"
42119,92,"Union, PA"
42121,3,"Venango, PA"
42123,3,"Warren, PA"
42125,3,"Washington, PA"
42127,92,"Wayne, PA"
42129,3,"Westmoreland, PA"
42131,92,"Wyoming, PA"
42133,26,"York, PA"
44001,19,"Bristol, RI"
44003,19,"Kent, RI"
44005,19,"Newport, RI"
44007,19,"Providence, RI"
44009,19,"Washington, RI"
45001,95,"Abbeville, SC"
45003,95,"Aiken, SC"
45005,95,"Allendale, SC"
45007,95,"Anderson, SC"
45009,95,"Bamberg, SC"
45011,95,"Barnwell, SC"
45013,95,"Beaufort, SC"
45015,95,"Berkeley, SC"
45017,95,"Calhoun, SC"
45019,95,"Charleston, SC"
45021,95,"Cherokee, SC"
45023,8,"Chester, SC"
45025,8,"Chesterfield, SC"
45027,95,"Clarendon, SC"
45029,95,"Colleton, SC"
45031,95,"Darlington, SC"
45033,95,"Dillon, SC"
45035,95,"Dorchester, SC"
45037,95,"Edgefield, SC"
45039,95,"Fairfield, SC"
45041,95,"Florence, SC"
45043,95,"Georgetown, SC"
45045,95,"Greenville, SC"
45047,95,"Greenwood, SC"
45049,95,"Hampton, SC"
45051,95,"Horry, SC"
45053,95,"Jasper, SC"
45055,95,"Kershaw, SC"
45057,8,"Lancaster, SC"
45059,95,"Laurens, SC"
45061,95,"Lee, SC"
45063,95,"Lexington, SC"
45065,95,"McCormick, SC"
45067,95,"Marion, SC"
45069,95,"Marlboro, SC"
45071,95,"Newberry, SC"
45073,95,"Oconee, SC"
45075,95,"Orangeburg, SC"
45077,95,"Pickens, SC"
45079,95,"Richland, SC"
45081,95,"Saluda, SC"
45083,95,"Spartanburg, SC"
45085,95,"Sumter, SC"
45087,95,"Union, SC"
45089,95,"Williamsburg, SC"
45091,8,"York, SC"
46003,98,"Aurora, SD"
46005,98,"Beadle, SD"
46007,98,"Bennett, SD"
46009,98,"Bon Homme, SD"
46011,98,"Brookings, SD"
46013,98,"Brown, SD"
46015,98,"Brule, SD"
46017,98,"Buffalo, SD"
46019,98,"Butte, SD"
46021,94,"Campbell, SD"
46023,98,"Charles Mix, SD"
46025,98,"Clark, SD"
46027,94,"Clay, SD"
46029,98,"Codington, SD"
46031,94,"Corson, SD"
46033,98,"Custer, SD"
46035,98,"Davison, SD"
46037,98,"Day, SD"
46039,98,"Deuel, SD"
46041,94,"Dewey, SD"
46043,98,"Douglas, SD"
46045,98,"Edmunds, SD"
46047,98,"Fall River, SD"
46049,98,"Faulk, SD"
46051,98,"Grant, SD"
46053,98,"Gregory, SD"
46055,98,"Haakon, SD"
46057,98,"Hamlin, SD"
46059,98,"Hand, SD"
46061,98,"Hanson, SD"
46063,98,"Harding, SD"
46065,98,"Hughes, SD"
46067,98,"Hutchinson, SD"
46069,98,"Hyde, SD"
46071,98,"Jackson, SD"
46073,98,"Jerauld, SD"
46075,98,"Jones, SD"
46077,98,"Kingsbury, SD"
46079,98,"Lake, SD"
46081,98,"Lawrence, SD"
46083,98,"Lincoln, SD"
46085,98,"Lyman, SD"
46087,98,"McCook, SD"
46089,98,"McPherson, SD"
46091,98,"Marshall, SD"
46093,98,"Meade, SD"
46095,98,"Mellette, SD"
46097,98,"Miner, SD"
46099,98,"Minnehaha, SD"
46101,98,"Moody, SD"
46103,98,"Pennington, SD"
46105,94,"Perkins, SD"
46107,98,"Potter, SD"
46109,98,"Roberts, SD"
46113,98,"Shannon, SD"
46115,98,"Spink, SD"
46117,98,"Stanley, SD"
46119,98,"Sully, SD"
46121,98,"Todd, SD"
46123,98,"Tripp, SD"
46125,98,"Turner, SD"
46127,94,"Union, SD"
46129,94,"Walworth, SD"
46135,98,"Yankton, SD"
46137,98,"Ziebach, SD"
47001,95,"Anderson, TN"
47003,10,"Bedford, TN"
47005,10,"Benton, TN"
47007,95,"Bledsoe, TN"
47009,95,"Blount, TN"
47011,95,"Bradley, TN"
47013,95,"Campbell, TN"
47015,10,"Cannon, TN"
47017,10,"Carroll, TN"
47019,95,"Carter, TN"
47021,10,"Cheatham, TN"
47023,10,"Chester, TN"
47025,95,"Claiborne, TN"
47027,10,"Clay, TN"
47029,95,"Cocke, TN"
47031,10,"Coffee, TN"
47033,10,"Crockett, TN"
47035,95,"Cumberland, TN"
47037,10,"Davidson, TN"
47039,10,"Decatur, TN"
47041,10,"Dekalb, TN"
47043,10,"Dickson, TN"
47045,10,"Dyer, TN"
47047,10,"Fayette, TN"
47049,95,"Fentress, TN"
47051,10,"Franklin, TN"
47053,10,"Gibson, TN"
47055,10,"Giles, TN"
47057,95,"Grainger, TN"
47059,95,"Greene, TN"
47061,95,"Grundy, TN"
47063,95,"Hamblen, TN"
47065,95,"Hamilton, TN"
47067,95,"Hancock, TN"
47069,10,"Hardeman, TN"
47071,10,"Hardin, TN"
47073,95,"Hawkins, TN"
47075,10,"Haywood, TN"
47077,10,"Henderson, TN"
47079,10,"Henry, TN"
47081,10,"Hickman, TN"
47083,10,"Houston, TN"
47085,10,"Humphreys, TN"
47087,10,"Jackson, TN"
47089,95,"Jefferson, TN"
47091,95,"Johnson, TN"
47093,95,"Knox, TN"
47095,10,"Lake, TN"
47097,10,"Lauderdale, TN"
47099,10,"Lawrence, TN"
47101,10,"Lewis, TN"
47103,10,"Lincoln, TN"
47105,95,"Loudon, TN"
47107,95,"McMinn, TN"
47109,10,"McNairy, TN"
47111,10,"Macon, TN"
47113,10,"Madison, TN"
47115,95,"Marion, TN"
47117,10,"Marshall, TN"
47119,10,"Maury, TN"
47121,95,"Meigs, TN"
47123,95,"Monroe, TN"
47125,10,"Montgomery, TN"
47127,10,"Moore, TN"
47129,95,"Morgan, TN"
47131,93,"Obion, TN"
47133,10,"Overton, TN"
47135,10,"Perry, TN"
47137,10,"Pickett, TN"
47139,95,"Polk, TN"
47141,10,"Putnam, TN"
47143,95,"Rhea, TN"
47145,95,"Roane, TN"
47147,10,"Robertson, TN"
47149,10,"Rutherford, TN"
47151,95,"Scott, TN"
47153,95,"Sequatchie, TN"
47155,95,"Sevier, TN"
47157,10,"Shelby, TN"
47159,10,"Smith, TN"
47161,10,"Stewart, TN"
47163,95,"Sullivan, TN"
47165,10,"Sumner, TN"
47167,10,"Tipton, TN"
47169,10,"Trousdale, TN"
47171,95,"Unicoi, TN"
47173,95,"Union, TN"
47175,10,"Van Buren, TN"
47177,10,"Warren, TN"
47179,95,"Washington, TN"
47181,10,"Wayne, TN"
47183,93,"Weakley, TN"
47185,10,"White, TN"
47187,10,"Williamson, TN"
47189,10,"Wilson, TN"
48001,25,"Anderson, TX"
48003,97,"Andrews, TX"
48005,97,"Angelina, TX"
48007,25,"Aransas, TX"
48009,97,"Archer, TX"
48011,97,"Armstrong, TX"
48013,18,"Atascosa, TX"
48015,25,"Austin, TX"
48017,97,"Bailey, TX"
48019,18,"Bandera, TX"
48021,18,"Bastrop, TX"
48023,97,"Baylor, TX"
48025,97,"Bee, TX"
48027,97,"Bell, TX"
48029,18,"Bexar, TX"
48031,18,"Blanco, TX"
48033,97,"Borden, TX"
48035,25,"Bosque, TX"
48037,97,"Bowie, TX"
48039,25,"Brazoria, TX"
48041,97,"Brazos, TX"
48043,97,"Brewster, TX"
48045,97,"Briscoe, TX"
48047,97,"Brooks, TX"
48049,97,"Brown, TX"
48051,97,"Burleson, TX"
48053,18,"Burnet, TX"
48055,18,"Caldwell, TX"
48057,25,"Calhoun, TX"
48059,97,"Callahan, TX"
48061,97,"Cameron, TX"
48063,97,"Camp, TX"
48065,97,"Carson, TX"
48067,97,"Cass, TX"
48069,97,"Castro, TX"
48071,25,"Chambers, TX"
48073,97,"Cherokee, TX"
48075,97,"Childress, TX"
48077,97,"Clay, TX"
48079,97,"Cochran, TX"
48081,97,"Coke, TX"
48083,97,"Coleman, TX"
48085,25,"Collin, TX"
48087,97,"Collingsworth, TX"
48089,25,"Colorado, TX"
48091,18,"Comal, TX"
48093,25,"Comanche, TX"
48095,97,"Concho, TX"
48097,25,"Cooke, TX"
48099,97,"Coryell, TX"
48101,97,"Cottle, TX"
48103,97,"Crane, TX"
48105,97,"Crockett, TX"
48107,97,"Crosby, TX"
48109,97,"Culberson, TX"
48111,97,"Dallam, TX"
48113,25,"Dallas, TX"
48115,97,"Dawson, TX"
48117,97,"Deaf Smith, TX"
48119,25,"Delta, TX"
48121,25,"Denton, TX"
48123,18,"De Witt, TX"
48125,97,"Dickens, TX"
48127,18,"Dimmit, TX"
48129,97,"Donley, TX"
48131,97,"Duval, TX"
48133,97,"Eastland, TX"
48135,97,"Ector, TX"
48137,18,"Edwards, TX"
48139,25,"Ellis, TX"
48141,97,"El Paso, TX"
48143,25,"Erath, TX"
48145,97,"Falls, TX"
48147,25,"Fannin, TX"
48149,18,"Fayette, TX"
48151,97,"Fisher, TX"
48153,97,"Floyd, TX"
48155,97,"Foard, TX"
48157,25,"Fort Bend, TX"
48159,97,"Franklin, TX"
48161,25,"Freestone, TX"
48163,18,"Frio, TX"
48165,97,"Gaines, TX"
48167,25,"Galveston, TX"
48169,97,"Garza, TX"
48171,18,"Gillespie, TX"
48173,97,"Glasscock, TX"
48175,18,"Goliad, TX"
48177,18,"Gonzales, TX"
48179,97,"Gray, TX"
48181,25,"Grayson, TX"
48183,97,"Gregg, TX"
48185,25,"Grimes, TX"
48187,18,"Guadalupe, TX"
48189,97,"Hale, TX"
48191,97,"Hall, TX"
48193,25,"Hamilton, TX"
48195,97,"Hansford, TX"
48197,97,"Hardeman, TX"
48199,97,"Hardin, TX"
48201,25,"Harris, TX"
48203,97,"Harrison, TX"
48205,97,"Hartley, TX"
48207,97,"Haskell, TX"
48209,18,"Hays, TX"
48211,97,"Hemphill, TX"
48213,25,"Henderson, TX"
48215,97,"Hidalgo, TX"
48217,25,"Hill, TX"
48219,97,"Hockley, TX"
48221,25,"Hood, TX"
48223,25,"Hopkins, TX"
48225,97,"Houston, TX"
48227,97,"Howard, TX"
48229,97,"Hudspeth, TX"
48231,25,"Hunt, TX"
48233,97,"Hutchinson, TX"
48235,97,"Irion, TX"
48237,25,"Jack, TX"
48239,25,"Jackson, TX"
48241,97,"Jasper, TX"
48243,97,"Jeff Davis, TX"
48245,97,"Jefferson, TX"
48247,97,"Jim Hogg, TX"
48249,97,"Jim Wells, TX"
48251,25,"Johnson, TX"
48253,97,"Jones, TX"
48255,18,"Karnes, TX"
48257,25,"Kaufman, TX"
48259,18,"Kendall, TX"
48261,97,"Kenedy, TX"
48263,97,"Kent, TX"
48265,18,"Kerr, TX"
48267,18,"Kimble, TX"
48269,97,"King, TX"
48271,18,"Kinney, TX"
48273,97,"Kleberg, TX"
48275,97,"Knox, TX"
48277,25,"Lamar, TX"
48279,97,"Lamb, TX"
48281,97,"Lampasas, TX"
48283,18,"La Salle, TX"
48285,18,"Lavaca, TX"
48287,18,"Lee, TX"
48289,97,"Leon, TX"
48291,25,"Liberty, TX"
48293,25,"Limestone, TX"
48295,97,"Lipscomb, TX"
48297,18,"Live Oak, TX"
48299,18,"Llano, TX"
48301,97,"Loving, TX"
48303,97,"Lubbock, TX"
48305,97,"Lynn, TX"
48307,97,"McCulloch, TX"
48309,97,"McLennan, TX"
48311,18,"McMullen, TX"
48313,25,"Madison, TX"
48315,97,"Marion, TX"
48317,97,"Martin, TX"
48319,18,"Mason, TX"
48321,25,"Matagorda, TX"
48323,18,"Maverick, TX"
48325,18,"Medina, TX"
48327,97,"Menard, TX"
48329,97,"Midland, TX"
48331,97,"Milam, TX"
48333,97,"Mills, TX"
48335,97,"Mitchell, TX"
48337,97,"Montague, TX"
48339,25,"Montgomery, TX"
48341,97,"Moore, TX"
48343,97,"Morris, TX"
48345,97,"Motley, TX"
48347,97,"Nacogdoches, TX"
48349,25,"Navarro, TX"
48351,97,"Newton, TX"
48353,97,"Nolan, TX"
48355,97,"Nueces, TX"
48357,97,"Ochiltree, TX"
48359,97,"Oldham, TX"
48361,97,"Orange, TX"
48363,25,"Palo Pinto, TX"
48365,97,"Panola, TX"
48367,25,"Parker, TX"
48369,97,"Parmer, TX"
48371,97,"Pecos, TX"
48373,25,"Polk, TX"
48375,97,"Potter, TX"
48377,97,"Presidio, TX"
48379,25,"Rains, TX"
48381,97,"Randall, TX"
48383,97,"Reagan, TX"
48385,18,"Real, TX"
48387,97,"Red River, TX"
48389,97,"Reeves, TX"
48391,25,"Refugio, TX"
48393,97,"Roberts, TX"
48395,97,"Robertson, TX"
48397,25,"Rockwall, TX"
48399,97,"Runnels, TX"
48401,97,"Rusk, TX"
48403,97,"Sabine, TX"
48405,97,"San Augustine, TX"
48407,25,"San Jacinto, TX"
48409,97,"San Patricio, TX"
48411,97,"San Saba, TX"
48413,97,"Schleicher, TX"
48415,97,"Scurry, TX"
48417,97,"Shackelford, TX"
48419,97,"Shelby, TX"
48421,97,"Sherman, TX"
48423,97,"Smith, TX"
48425,25,"Somervell, TX"
48427,97,"Starr, TX"
48429,97,"Stephens, TX"
48431,97,"Sterling, TX"
48433,97,"Stonewall, TX"
48435,18,"Sutton, TX"
48437,97,"Swisher, TX"
48439,25,"Tarrant, TX"
48441,97,"Taylor, TX"
48443,97,"Terrell, TX"
48445,97,"Terry, TX"
48447,97,"Throckmorton, TX"
48449,97,"Titus, TX"
48451,97,"Tom Green, TX"
48453,18,"Travis, TX"
48455,97,"Trinity, TX"
48457,97,"Tyler, TX"
48459,97,"Upshur, TX"
48461,97,"Upton, TX"
48463,18,"Uvalde, TX"
48465,18,"Val Verde, TX"
48467,25,"Van Zandt, TX"
48469,25,"Victoria, TX"
48471,25,"Walker, TX"
48473,25,"Waller, TX"
48475,97,"Ward, TX"
48477,25,"Washington, TX"
48479,97,"Webb, TX"
48481,25,"Wharton, TX"
48483,97,"Wheeler, TX"
48485,97,"Wichita, TX"
48487,97,"Wilbarger, TX"
48489,97,"Willacy, TX"
48491,18,"Williamson, TX"
48493,18,"Wilson, TX"
48495,97,"Winkler, TX"
48497,25,"Wise, TX"
48499,25,"Wood, TX"
48501,97,"Yoakum, TX"
48503,97,"Young, TX"
48505,97,"Zapata, TX"
48507,18,"Zavala, TX"
49001,13,"Beaver, UT"
49003,13,"Box Elder, UT"
49005,13,"Cache, UT"
49007,13,"Carbon, UT"
49009,13,"Daggett, UT"
49011,13,"Davis, UT"
49013,13,"Duchesne, UT"
49015,13,"Emery, UT"
49017,13,"Garfield, UT"
49019,13,"Grand, UT"
49021,13,"Iron, UT"
49023,13,"Juab, UT"
49025,13,"Kane, UT"
49027,13,"Millard, UT"
49029,13,"Morgan, UT"
49031,13,"Piute, UT"
49033,13,"Rich, UT"
49035,13,"Salt Lake, UT"
49037,13,"San Juan, UT"
49039,13,"Sanpete, UT"
49041,13,"Sevier, UT"
49043,13,"Summit, UT"
49045,13,"Tooele, UT"
49047,13,"Uintah, UT"
49049,13,"Utah, UT"
49051,13,"Wasatch, UT"
49053,13,"Washington, UT"
49055,13,"Wayne, UT"
49057,13,"Weber, UT"
50001,91,"Addison, VT"
50003,3,"Bennington, VT"
50005,91,"Caledonia, VT"
50007,91,"Chittenden, VT"
50009,91,"Essex, VT"
50011,91,"Franklin, VT"
50013,91,"Grand Isle, VT"
50015,91,"Lamoille, VT"
50017,91,"Orange, VT"
50019,91,"Orleans, VT"
50021,91,"Rutland, VT"
50023,91,"Washington, VT"
50025,19,"Windham, VT"
50027,91,"Windsor, VT"
51001,8,"Accomack, VA"
51003,8,"Albemarle, VA"
51005,95,"Alleghany, VA"
51007,8,"Amelia, VA"
51009,95,"Amherst, VA"
51011,95,"Appomattox, VA"
51013,26,"Arlington, VA"
51015,8,"Augusta, VA"
51017,95,"Bath, VA"
51019,95,"Bedford, VA"
51021,95,"Bland, VA"
51023,95,"Botetourt, VA"
51025,8,"Brunswick, VA"
51027,95,"Buchanan, VA"
51029,8,"Buckingham, VA"
51031,95,"Campbell, VA"
51033,8,"Caroline, VA"
51035,95,"Carroll, VA"
51036,8,"Charles City, VA"
51037,95,"Charlotte, VA"
51041,8,"Chesterfield, VA"
51043,26,"Clarke, VA"
51045,95,"Craig, VA"
51047,26,"Culpeper, VA"
51049,8,"Cumberland, VA"
51051,95,"Dickenson, VA"
51053,8,"Dinwiddie, VA"
51057,8,"Essex, VA"
51059,26,"Fairfax, VA"
51061,26,"Fauquier, VA"
51063,95,"Floyd, VA"
51065,8,"Fluvanna, VA"
51067,95,"Franklin, VA"
51069,26,"Frederick, VA"
51071,95,"Giles, VA"
51073,8,"Gloucester, VA"
51075,8,"Goochland, VA"
51077,8,"Grayson, VA"
51079,8,"Greene, VA"
51081,8,"Greensville, VA"
51083,95,"Halifax, VA"
51085,8,"Hanover, VA"
51087,8,"Henrico, VA"
51089,95,"Henry, VA"
51091,95,"Highland, VA"
51093,8,"Isle of Wight, VA"
51095,8,"James City, VA"
51097,8,"King and Queen, VA"
51099,26,"King George, VA"
51101,8,"King William, VA"
51103,8,"Lancaster, VA"
51105,95,"Lee, VA"
51107,26,"Loudoun, VA"
51109,8,"Louisa, VA"
51111,8,"Lunenburg, VA"
51113,26,"Madison, VA"
51115,8,"Mathews, VA"
51117,8,"Mecklenburg, VA"
51119,8,"Middlesex, VA"
51121,95,"Montgomery, VA"
51125,95,"Nelson, VA"
51127,8,"New Kent, VA"
51131,8,"Northampton, VA"
51133,8,"Northumberland, VA"
51135,8,"Nottoway, VA"
51137,8,"Orange, VA"
51139,8,"Page, VA"
51141,8,"Patrick, VA"
51143,95,"Pittsylvania, VA"
51145,8,"Powhatan, VA"
51147,8,"Prince Edward, VA"
51149,8,"Prince George, VA"
51153,26,"Prince William, VA"
51155,95,"Pulaski, VA"
51157,26,"Rappahannock, VA"
51159,8,"Richmond, VA"
51161,95,"Roanoke, VA"
51163,95,"Rockbridge, VA"
51165,8,"Rockingham, VA"
51167,95,"Russell, VA"
51169,95,"Scott, VA"
51171,26,"Shenandoah, VA"
51173,95,"Smyth, VA"
51175,8,"Southampton, VA"
51177,26,"Spotsylvania, VA"
51179,26,"Stafford, VA"
51181,8,"Surry, VA"
51183,8,"Sussex, VA"
51185,95,"Tazewell, VA"
51187,26,"Warren, VA"
51191,95,"Washington, VA"
51193,26,"Westmoreland, VA"
51195,95,"Wise, VA"
51197,95,"Wythe, VA"
51199,8,"York, VA"
51510,26,"Alexandria City, VA"
51515,95,"Bedford City, VA"
51520,95,"Bristol City, VA"
51530,95,"Buena Vista City, VA"
51540,8,"Charlottesville City, VA"
51550,8,"Chesapeake City, VA"
51560,95,"Clifton Forge City, VA"
51570,8,"Colonial Heights City, VA"
51580,95,"Covington City, VA"
51590,95,"Danville City, VA"
51595,8,"Emporia City, VA"
51600,26,"Fairfax City, VA"
51610,26,"Falls Church City, VA"
51620,8,"Franklin City, VA"
51630,26,"Fredericksburg City, VA"
51640,95,"Galax City, VA"
51650,8,"Hampton City, VA"
51660,8,"Harrisonburg City, VA"
51670,8,"Hopewell City, VA"
51678,95,"Lexington City, VA"
51680,95,"Lynchburg City, VA"
51683,26,"Manassas City, VA"
51685,26,"Manassas Park City, VA"
51690,95,"Martinsville City, VA"
51700,8,"Newport News City, VA"
51710,8,"Norfolk City, VA"
51720,95,"Norton City, VA"
51730,8,"Petersburg City, VA"
51735,8,"Poquoson City, VA"
51740,8,"Portsmouth City, VA"
51750,95,"Radford, VA"
51760,8,"Richmond City, VA"
51770,95,"Roanoke City, VA"
51775,95,"Salem City, VA"
51790,8,"Staunton City, VA"
51800,8,"Suffolk City, VA"
51810,8,"Virginia Beach City, VA"
51820,8,"Waynesboro City, VA"
51830,8,"Williamsburg City, VA"
51840,26,"Winchester City, VA"
53001,99,"Adams, WA"
53003,99,"Asotin, WA"
53005,99,"Benton, WA"
53007,99,"Chelan, WA"
53009,22,"Clallam, WA"
53011,22,"Clark, WA"
53013,99,"Columbia, WA"
53015,22,"Cowlitz, WA"
53017,99,"Douglas, WA"
53019,99,"Ferry, WA"
53021,99,"Franklin, WA"
53023,99,"Garfield, WA"
53025,99,"Grant, WA"
53027,22,"Grays Harbor, WA"
53029,22,"Island, WA"
53031,22,"Jefferson, WA"
53033,22,"King, WA"
53035,22,"Kitsap, WA"
53037,22,"Kittitas, WA"
53039,22,"Klickitat, WA"
53041,22,"Lewis, WA"
53043,99,"Lincoln, WA"
53045,22,"Mason, WA"
53047,99,"Okanogan, WA"
53049,22,"Pacific, WA"
53051,99,"Pend Oreille, WA"
53053,22,"Pierce, WA"
53055,22,"San Juan, WA"
53057,22,"Skagit, WA"
53059,22,"Skamania, WA"
53061,22,"Snohomish, WA"
53063,99,"Spokane, WA"
53065,99,"Stevens, WA"
53067,22,"Thurston, WA"
53069,22,"Wahkiakum, WA"
53071,99,"Walla Walla, WA"
53073,22,"Whatcom, WA"
53075,99,"Whitman, WA"
53077,99,"Yakima, WA"
54001,3,"Barbour, WV"
54003,26,"Berkeley, WV"
54005,92,"Boone, WV"
54007,92,"Braxton, WV"
54009,3,"Brooke, WV"
54011,92,"Cabell, WV"
54013,92,"Calhoun, WV"
54015,92,"Clay, WV"
54017,92,"Doddridge, WV"
54019,95,"Fayette, WV"
54021,92,"Gilmer, WV"
54023,92,"Grant, WV"
54025,95,"Greenbrier, WV"
54027,26,"Hampshire, WV"
54029,3,"Hancock, WV"
54031,92,"Hardy, WV"
54033,3,"Harrison, WV"
54035,92,"Jackson, WV"
54037,26,"Jefferson, WV"
54039,92,"Kanawha, WV"
54041,3,"Lewis, WV"
54043,92,"Lincoln, WV"
54045,92,"Logan, WV"
54047,95,"McDowell, WV"
54049,3,"Marion, WV"
54051,3,"Marshall, WV"
54053,92,"Mason, WV"
54055,95,"Mercer, WV"
54057,26,"Mineral, WV"
54059,92,"Mingo, WV"
54061,3,"Monongalia, WV"
54063,95,"Monroe, WV"
54065,26,"Morgan, WV"
54067,92,"Nicholas, WV"
54069,3,"Ohio, WV"
54071,92,"Pendleton, WV"
54073,92,"Pleasants, WV"
54075,95,"Pocahontas, WV"
54077,3,"Preston, WV"
54079,92,"Putnam, WV"
54081,95,"Raleigh, WV"
54083,3,"Randolph, WV"
54085,92,"Ritchie, WV"
54087,92,"Roane, WV"
54089,95,"Summers, WV"
54091,3,"Taylor, WV"
54093,3,"Tucker, WV"
54095,92,"Tyler, WV"
54097,3,"Upshur, WV"
54099,92,"Wayne, WV"
54101,92,"Webster, WV"
54103,92,"Wetzel, WV"
54105,92,"Wirt, WV"
54107,92,"Wood, WV"
54109,92,"Wyoming, WV"
55001,93,"Adams, WI"
55003,94,"Ashland, WI"
55005,6,"Barron, WI"
55007,94,"Bayfield, WI"
55009,93,"Brown, WI"
55011,6,"Buffalo, WI"
55013,6,"Burnett, WI"
55015,93,"Calumet, WI"
55017,93,"Chippewa, WI"
55019,93,"Clark, WI"
55021,93,"Columbia, WI"
55023,94,"Crawford, WI"
55025,93,"Dane, WI"
55027,5,"Dodge, WI"
55029,93,"Door, WI"
55031,94,"Douglas, WI"
55033,6,"Dunn, WI"
55035,93,"Eau Claire, WI"
55037,93,"Florence, WI"
55039,5,"Fond Du Lac, WI"
55041,93,"Forest, WI"
55043,94,"Grant, WI"
55045,93,"Green, WI"
55047,93,"Green Lake, WI"
55049,93,"Iowa, WI"
55051,94,"Iron, WI"
55053,93,"Jackson, WI"
55055,5,"Jefferson, WI"
55057,93,"Juneau, WI"
55059,5,"Kenosha, WI"
55061,93,"Kewaunee, WI"
55063,93,"La Crosse, WI"
55065,93,"Lafayette, WI"
55067,93,"Langlade, WI"
55069,93,"Lincoln, WI"
55071,93,"Manitowoc, WI"
55073,93,"Marathon, WI"
55075,93,"Marinette, WI"
55077,93,"Marquette, WI"
55078,93,"Menominee, WI"
55079,5,"Milwaukee, WI"
55081,93,"Monroe, WI"
55083,93,"Oconto, WI"
55085,93,"Oneida, WI"
55087,93,"Outagamie, WI"
55089,5,"Ozaukee, WI"
55091,6,"Pepin, WI"
55093,6,"Pierce, WI"
55095,6,"Polk, WI"
55097,93,"Portage, WI"
55099,93,"Price, WI"
55101,5,"Racine, WI"
55103,93,"Richland, WI"
55105,93,"Rock, WI"
55107,93,"Rusk, WI"
55109,6,"St Croix, WI"
55111,93,"Sauk, WI"
55113,94,"Sawyer, WI"
55115,93,"Shawano, WI"
55117,5,"Sheboygan, WI"
55119,93,"Taylor, WI"
55121,93,"Trempealeau, WI"
55123,93,"Vernon, WI"
55125,93,"Vilas, WI"
55127,5,"Walworth, WI"
55129,94,"Washburn, WI"
55131,5,"Washington, WI"
55133,5,"Waukesha, WI"
55135,93,"Waupaca, WI"
55137,93,"Waushara, WI"
55139,93,"Winnebago, WI"
55141,93,"Wood, WI"
56001,12,"Albany, WY"
56003,98,"Big Horn, WY"
56005,98,"Campbell, WY"
56007,98,"Carbon, WY"
56009,98,"Converse, WY"
56011,98,"Crook, WY"
56013,98,"Fremont, WY"
56015,98,"Goshen, WY"
56017,98,"Hot Springs, WY"
56019,98,"Johnson, WY"
56021,12,"Laramie, WY"
56023,13,"Lincoln, WY"
56025,98,"Natrona, WY"
56027,98,"Niobrara, WY"
56029,98,"Park, WY"
56031,98,"Platte, WY"
56033,98,"Sheridan, WY"
56035,98,"Sublette, WY"
56037,13,"Sweetwater, WY"
56039,98,"Teton, WY"
56041,13,"Uinta, WY"
56043,98,"Washakie, WY"
56045,98,"Weston, WY"
